#META|ref=04/2026|gerado=2026-07-21|fonte=SUDECAP
01.01.13|LAVABO|UN
01.01.20|ESCRITÓRIO DA CONTRATADA - ATÉ 15M2|M2
01.01.21|ESCRITÓRIO DA CONTRATADA - ATÉ 22M2|M2
01.01.22|ESCRITÓRIO DA FISCALIZAÇÃO - ATÉ 15M2|M2
01.01.23|ESCRITÓRIO DA FISCALIZAÇÃO - ATÉ 22M2|M2
01.02.10|ÁREA COBERTA EM TELHA DE FIBROCIMENTO|M2
01.02.30|VESTIÁRIO PARA ATÉ 20 PESSOAS|M2
01.02.31|VESTIÁRIO PARA ATÉ 30 PESSOAS|M2
01.02.32|VESTIÁRIO PARA ATÉ 40 PESSOAS|M2
01.02.35|DEPÓSITO E FERRAMENTARIA - ATÉ 15 M2|M2
01.02.36|DEPÓSITO E FERRAMENTARIA - ATÉ 26M2|M2
01.02.37|DEPÓSITO E FERRAMENTARIA - ATÉ 33M2|M2
01.02.38|DEPÓSITO DE MATERIAIS ENSACADOS - ATÉ 15 M2|M2
01.02.40|REFEITÓRIO - ATÉ 19M2|M2
01.02.41|REFEITÓRIO- ATÉ 26M2|M2
01.02.45|INSTALAÇÃO SANITÁRIA / VESTIÁRIO PARA ATÉ 4 PESSOAS|M2
01.02.46|INSTALAÇÃO SANITÁRIA - ATÉ 15M2|M2
01.02.47|INSTALAÇÃO SANITÁRIA - ATÉ 22M2|M2
01.02.48|INSTALAÇÃO SANITÁRIA - ATÉ 33M2|M2
01.03.01|PLACA DE OBRA 3,0 X 2,0M EM LONA IMPRESSÃO DIGITAL PADRÃO SUDECAP|UN
01.03.02|PLACA DE OBRA EM LONA IMPRESSÃO DIGITAL PADRÃO SUDECAP|M2
01.03.03|PLACA DE OBRA EM CHAPA GALVANIZADA ADESIVADA, DIMENSÕES 2,40 X 1,20 M, PADRÃO CEF|M2
01.04.01|TAPUME PADRÃO SUDECAP, DE COMPENSADO 10MM, COM FIXAÇÃO ENTERRADA|M
01.04.03|TAPUME PADRÃO SUDECAP DE COMPENSADO 10MM COM BASE DE CONCRETO|M
01.04.05|INFORME PUBLICITÁRIO, LONA IMPRESSÃO DIGITAL APLICADO EM TAPUME|M2
01.04.06|TAPUME PADRÃO SUDECAP DE TELA GALVANIZADA #2" FIO 14 COM FIXAÇAO ENTERRADA|M
01.04.07|TAPUME PADRÃO SUDECAP DE TELA GALVANIZADA #2" FIO 14 COM BASE DE CONCRETO|M
01.04.09|TELA - TAPUME DE POLIPROPILENO H=1,20 M, INCLUSIVE BASE|M
01.04.10|PROTEÇAO COM FITA ZEBRADA AMARELA L=7CM E PEÇA 7X7|M
01.04.11|FITA ZEBRADA AMARELA PARA SINALIZAÇAO L= 7CM|M
01.04.16|TAPUME METÁLICO COM BASE DE CONCRETO (M)|M
01.04.17|TAPUME METÁLICO COM BASE ENTERRADA (M)|M
01.04.18|TAPUME METÁLICO COM TELA E BASE DE CONCRETO (M)|M
01.04.19|TAPUME METÁLICO COM TELA E BASE ENTERRADA (M)|M
01.04.20|REMANEJAMENTO DE TAPUME|M
01.04.21|PLACA DE ACESSO À INFORMAÇÃO, EM CHAPA DE AÇO E=0,60MM, COM ADESIVO VINÍLICO, FIXADA COM REBITES, TAMANHO 1,00X0,70 M|UN
01.04.22|TAPUME MODULAR EM ESTRUTURA METÁLICA COM TELHA GALVANIZADA - PADRÃO SUDECAP - REF 98457|M
01.04.23|TAPUME MODULAR EM ESTRUTURA METÁLICA COM TELA GALVANIZADA - PADRÃO SUDECAP - REF 98457|M
01.06.01|PADRÃO CEMIG PROVISÓRIO TIPO C3, DEMANDA PROVÁVEL DE 23,1 ATÉ 27,0KW (3F+N)|UN
01.06.05|PADRÃO COPASA - KIT CAVALETE METAL E REGISTRO 3/4"|UN
01.07.02|FOSSA SÉPTICA E SUMIDOURO DN= 1,20M H= 4,00M|UN
01.08.01|REDE INTERNA E PROVISÓRIA DE ÁGUA E ESGOTO TUBO PVC D= 100MM|M
01.08.02|REDE INTERNA E PROVISÓRIA DE ÁGUA E ESGOTO TUBO PVC D= 150MM|M
01.08.03|REDE INTERNA E PROVISÓRIA DE ÁGUA E ESGOTO TUBO PVC D= 200MM|M
01.08.04|REDE INTERNA E PROVISÓRIA DE ÁGUA E ESGOTO TUBO PVC D= 250MM|M
01.08.20|REDE INTERNA E PROVISÓRIA DE ÁGUA E ESGOTO TUBO PVC ÁGUA SOLDA E CONEXÕES D= 20MM (1/2")|M
01.08.21|REDE INTERNA E PROVISÓRIA DE ÁGUA E ESGOTO TUBO PVC ÁGUA SOLDA E CONEXÕES D= 25MM (3/4")|M
01.09.01|MOBILIZAÇÃO DE CONTAINER|UN
01.09.02|CONTAINER SIMPLES COM AR CONDICIONADO PARA ESCRITÓRIO|MES
01.09.03|CONTAINER COM SANITÁRIO E AR CONDICIONADO PARA ESCRITÓRIO|MES
01.09.11|DESMOBILIZAÇÃO DE CONTAINER|UN
01.09.12|INSTALAÇÕES DE MOBILIÁRIOS PARA CONTAINER TIPO ESCRITÓRIO COM SANITÁRIO|UN
01.09.14|INSTALAÇÕES DE MOBILIÁRIOS PARA CONTAINER TIPO REFEITÓRIO|UN
01.09.15|INSTALAÇÕES DE MOBILIÁRIOS PARA CONTAINER TIPO DEPÓSITO E FERRAMENTARIA COM LAVATÓRIO|UN
01.09.17|INSTALAÇÕES DE MOBILIÁRIOS PARA CONTAINER TIPO ESCRITÓRIO SEM SANITÁRIO|UN
01.09.18|CONTAINER VESTIÁRIO TIPO I|MES
01.09.19|CONTAINER VESTIÁRIO TIPO II|MES
01.09.20|CONTAINER VESTIÁRIO TIPO III|MES
01.09.21|CONTAINER SIMPLES|MES
01.09.22|CONTAINER COM LAVATÓRIO|MES
01.09.23|CONTAINER COM SANITÁRIO|MES
01.09.24|INSTALAÇÕES DE MOBILIÁRIOS PARA CONTAINER VESTIÁRIO TIPO I|UN
01.09.25|INSTALAÇÕES DE MOBILIÁRIOS PARA CONTAINER VESTIÁRIO TIPO II|UN
01.09.26|INSTALAÇÕES DE MOBILIÁRIOS PARA CONTAINER VESTIÁRIO TIPO III|UN
01.09.27|CONTAINER PARA 2 VESTIÁRIOS E SANITÁRIOS|MES
01.10.01|BANHEIRO QUÍMICO 110 X 120 X 230CM COM MANUTENÇÃO|MES
01.10.02|BANHEIRO QUÍMICO E REBOQUE PARA TRANSPORTE DE BANHEIRO QUÍMICO|MES
01.11.01|PLACA 1,0 X 0,60M DUPLA FACE CHAPA GALVANIZADA 26 EM CAVALETE|UNMES
01.11.02|PLACA 1,0 X 0,60M CHAPA 26 EM CAVALETE METALON 20 X 20MM|UNMES
01.11.03|PLACA 0,50 X 0,50M DUPLA FACE CHAPA GALVANIZADA 22 EM CAVALETE|UNMES
01.11.04|PLACA 0,50 X 0,50M CHAPA GALVANIZADA 22 CAVALETE METALON 20 X 20|UNMES
01.11.05|INSTALAÇÃO DE FAIXA MORIM 6,00M X 0,80M EM TECIDO COMUM E EUCALIPTO|UN
01.11.06|SINALIZAÇÃO COM CONE MASTER 75CM BASE DE BORRACHA CORPO POLIETILENO|UN
01.11.07|SINALIZAÇÃO COM CONE EM PVC H= 75CM|UN
01.11.08|SINALIZADOR MONOLIGHT LED 60 A 70 FLASHES/MINUTO|UN
01.12.01|VISTORIA CAUTELAR - ÁREA CONSTRUÍDA <= 100M2|UN
01.12.02|VISTORIA CAUTELAR - 101M2 < ÁREA CONSTRUÍDA <= 200M2|UN
01.12.03|VISTORIA CAUTELAR - 201M2 < ÁREA CONSTRUÍDA <= 500M2|UN
01.12.04|VISTORIA CAUTELAR - 501M2 < ÁREA CONSTRUÍDA <= 2000M2|UN
01.12.05|VISTORIA CAUTELAR - 2001M2 < ÁREA CONSTRUÍDA <= 7000M2|UN
01.12.06|VISTORIA CAUTELAR - ÁREA CONSTRUÍDA > 7001M2|UN
01.13.01|BAIA SIMPLES PARA RESÍDUOS DA CONSTRUÇÃO CIVIL|UN
01.13.02|BAIA DUPLA PARA RESÍDUOS DA CONSTRUÇÃO CIVIL|UN
01.13.03|PLACA IDENTIFCAÇÃO RESÍDUOS-PGRCC, CONFORME RESOLUÇÃO CONAMA-RDC Nº 275/01,EM LONA (BANNER), (30X30)CM|UN
01.13.04|FORNECIMENTO DE BIG BAG PARA RESÍDUOS COMUNS - CAPACIDADE APROXIMADA 1M3, PADRÃO CLUB FARM OU EQUIVALENTE|UN
01.13.05|FORNECIMENTO LIXEIRA PLÁSTICA COM TAMPA VAI-VEM - 100 LITROS, PADRÃO Q100 WEBPLÁSTICO OU EQUIVALENTE|UN
01.13.06|FORNECIMENTO DE LONA REFORÇADA DE POLIETILENO PARA COBERTURA DE CAÇAMBA (4Mx4M), 600 MICRA|UN
01.13.07|FORNECIMENTO DE BOMBONA BOCA LARGA PARA RESÍDUOS CLASSE B - 100 LITROS|UN
01.14.01|PORTA EM COMPENSADO RESINADO 10MM 80X210CM|UN
01.14.02|CONJUNTO MESA (130X60CM) E 2 BANCOS (130X40CM) EM MADEIRITE|CJ
01.14.03|BANCO (130X40CM) EM MADEIRITE, PARA VESTIARIO|UN
01.14.04|MAPOTECA PARA PROJETO 1,40X1,10X1,40M E PEÇA 8X8 CM|UN
01.14.05|JANELA DE CORRER DE FERRO 1x1/8", AREA > 1,0 M2|UN
01.14.06|BANCO (200 X 35CM) EM MADEIRITE, PARA VESTIÁRIO|UN
01.14.32|INSTALAÇAO HIDROSSANITÁRIA - LAVABO|UN
01.14.33|INSTALAÇAO ELÉTRICA - LAVABO|UN
01.14.34|TORRE PROVISÓRIA PARA CAIXA D'ÁGUA DE 1000L, H=4,00M|UN
01.14.40|INSTALAÇÃO ELÉTRICA - ESCRITÓRIOS ATÉ 15M2|UN
01.14.41|INSTALAÇÃO ELÉTRICA - ESCRITÓRIOS ATÉ 22M2|UN
01.14.42|INSTALAÇÃO ELÉTRICA - VESTIÁRIO PARA ATÉ 20 PESSOAS|UN
01.14.43|INSTALAÇÃO ELÉTRICA - VESTIÁRIO PARA ATÉ 30 PESSOAS|UN
01.14.44|INSTALAÇÃO ELÉTRICA - VESTIÁRIO PARA ATÉ 40 PESSOAS|UN
01.14.45|INSTALAÇÃO ELÉTRICA - DEPÓSITO ATÉ 15M2|UN
01.14.46|INSTALAÇÃO ELÉTRICA - DEPÓSITO ATÉ 26M2|UN
01.14.47|INSTALAÇÃO ELÉTRICA - DEPÓSITO ATÉ 33M2|UN
01.14.48|INSTALAÇÃO ELÉTRICA - REFEITÓRIO ATÉ 19M2|UN
01.14.49|INSTALAÇÃO ELÉTRICA - REFEITÓRIO ATÉ 26M2|UN
01.14.50|INSTALAÇÃO HIDROSSANITÁRIA - REFEITÓRIOS|UN
01.14.51|INSTALAÇÃO ELÉTRICA - SANITÁRIO / VESTIÁRIO PARA ATÉ 4 FUNCIONÁRIOS|UN
01.14.52|INSTALAÇÃO HIDROSSANITÁRIA - SANITÁRIO / VESTIÁRIO PARA ATÉ 4 FUNCIONÁRIOS|UN
01.14.53|INSTALAÇÃO ELÉTRICA - SANITÁRIO ATÉ 15M2|UN
01.14.54|INSTALAÇÃO ELÉTRICA - SANITÁRIO ATÉ 22M2|UN
01.14.55|INSTALAÇÃO ELÉTRICA - SANITÁRIO ATÉ 33M2|UN
01.14.56|INSTALAÇÃO HIDROSSANITÁRIA - SANITÁRIO ATÉ 15M2|UN
01.14.57|INSTALAÇÃO HIDROSSANITÁRIA - SANITÁRIO ATÉ 22M2|UN
01.14.58|INSTALAÇÃO HIDROSSANITÁRIA - SANITÁRIO ATÉ 33M2|UN
01.17.01|GABARITO|M
01.29.03|MONTAGEM DE ANDAIME FACHADEIRO ADP REF 97063|M2
01.29.04|DESMONTAGEM DE ANDAIME FACHADEIRO ADP REF 97063|M2
01.29.06|ANDAIME METÁLICO TIPO FACHADEIRO, INCLUINDO SAPATAS AJUSTÁVEIS, PISO METÁLICO E ESCADA|M2MES
01.29.10|ANDAIME METALICO TUBULAR, TIPO TORRE, L=1,0 ATE 1,5M E H=1,0 M COMPLETO|MXMES
01.29.11|MONTAGEM DE ANDAIME DO TIPO TORRE ADP REF 97064|M
01.29.12|DESMONTAGEM DE ANDAIME DO TIPO TORRE ADP REF 97064|M
02.01.01|REMOÇÃO DE TELHA METÁLICA OU PVC, INCLUSIVE EMPILHAMENTO|M2
02.01.03|REMOÇÃO DE TELHA TIPO CALHA DE FIBROCIMENTO, INCLUSIVE EMPILHAMENTO|M2
02.01.05|REMOÇÃO DE TELHA ONDULADA DE FIBROCIMENTO, INCLUSIVE EMPILHAMENTO|M2
02.01.07|REMOÇÃO DE TELHA CERÂMICA COLONIAL OU FRANCESA, INCLUSIVE EMPILHAMENTO|M2
02.02.01|REMOÇÃO DE CALHA GALVANIZADA OU PVC, INCLUSIVE AFASTAMENTO|M
02.02.05|REMOÇÃO DE RUFO DE CHAPA GALVANIZADA, INCLUSIVE AFASTAMENTO|M
02.02.10|REMOÇÃO DE CONDUTOR DE CHAPA GALVANIZADA OU PVC, INCLUSIVE AFASTAMENTO|M
02.03.01|REMOÇÃO DE ENGRADAMENTO DE TELHA METÁLICA OU PVC, INCLUSIVE EMPILHAMENTO|M2
02.03.03|REMOÇÃO DE ENGRADAMENTO DE TELHA TIPO CALHA DE FIBROCIMENTO, INCLUSIVE EMPILHAMENTO|M2
02.03.05|REMOÇÃO DE ENGRADAMENTO DE TELHA ONDULADA DE FIBROCIMENTO, INCLUSIVE EMPILHAMENTO|M2
02.03.07|REMOÇÃO DE ENGRADAMENTO DE TELHA CERÂMICA, COLONIAL OU FRANCESA, INCLUSIVE EMPILHAMENTO|M2
02.04.01|REMOÇÃO DE FORRO DE PLACAS, INCLUSIVE BARROTEAMENTO|M2
02.04.02|REMOÇÃO DE FORRO DE PLACAS, EXCLUSIVE BARROTEAMENTO|M2
02.04.10|REMOÇÃO DE FORRO DE GESSO|M2
02.06.01|REMOÇÃO DE ESQUADRIA MADEIRA DE PORTA OU JANELA, INCLUSIVE MARCO E ALIZAR|M2
02.06.02|REMOÇÃO DE ESQUADRIA, FOLHA DE PORTA OU JANELA|M2
02.06.03|REMOÇÃO DE ESQUADRIA, MARCO E ALIZAR|UN
02.06.04|REMOÇÃO DE ESQUADRIA, MARCO|UN
02.06.05|REMOÇÃO DE ESQUADRIA, ALIZAR|CJ
02.07.01|REMOÇÃO DE ESQUADRIA METÁLICA, PORTA OU JANELA|M2
02.09.01|DEMOLIÇÃO DE REVESTIMENTO DE REBOCO|M2
02.09.03|DEMOLIÇÃO DE REVESTIMENTO CERÂMICO, AZULEJO OU LADRILHO HIDRÁULICO|M2
02.09.05|DEMOLIÇÃO DE REVESTIMENTO DE PEDRA (MÁRMORE, GRANITO, ARDÓSIA, SÃO TOMÉ, ETC)|M2
02.09.06|DEMOLIÇÃO DE REVESTIMENTO DE FÓRMICA|M2
02.09.07|DEMOLIÇÃO DE REVESTIMENTO DE PEDRA ALMOFADADA|M2
02.10.01|DEMOLIÇÃO DE PISO CIMENTADO OU CONTRAPISO DE ARGAMASSA|M2
02.10.03|DEMOLIÇÃO DE PISO CERÂMICO OU LADRILHO HIDRÁULICO|M2
02.10.05|DEMOLIÇÃO DE PISO DE PEDRA (MÁRMORE, GRANITO, ARDÓSIA, SÃO TOMÉ, ETC)|M2
02.10.07|DEMOLIÇÃO DE PISO VINÍLICO|M2
02.10.08|DEMOLIÇÃO DE PISO DE MARMORITE|M2
02.10.09|DEMOLIÇÃO DE PISO DE TACO DE MADEIRA|M2
02.11.01|DEMOLIÇÃO MANUAL DE PASSEIO OU LAJE DE CONCRETO|M2
02.11.02|DEMOLIÇÃO DE PASSEIO OU LAJE DE CONCRETO COM EQUIPAMENTO PNEUMÁTICO|M2
02.11.03|DEMOLIÇÃO DE CALÇADA PORTUGUESA|M2
02.11.04|DEMOLIÇÃO DE PASSEIO OU LAJE DE CONCRETO COM EQUIPAMENTO ELÉTRICO|M2
02.11.05|DEMOLIÇÃO MANUAL DE ALVENARIA POLIÉDRICA|M2
02.11.07|DEMOLIÇÃO DE REVESTIMENTO ASFÁLTICO COM EQUIPAMENTO PNEUMÁTICO|M2
02.12.01|CORTE MECÂNICO COM SERRA CIRCULAR EM CONCRETO OU ASFALTO|M
02.13.01|DEMOLIÇÃO DE CONCRETO SIMPLES - MANUAL|M3
02.13.02|DEMOLIÇÃO DE CONCRETO ARMADO - MANUAL|M3
02.13.03|DEMOLIÇÃO DE CONCRETO SIMPLES - COM EQUIPAMENTO ELÉTRICO|M3
02.13.04|DEMOLIÇÃO DE CONCRETO ARMADO - COM EQUIPAMENTO ELÉTRICO|M3
02.14.01|DEMOLIÇÃO MANUAL DE ALVENARIA DE TIJOLOS E BLOCOS|M3
02.15.01|REMOÇÃO DE MEIO-FIO PRÉ-MOLDADO DE CONCRETO|M
02.15.02|REMOÇÃO DE MEIO-FIO DE PEDRA (GNAISSE, BASALTO, ETC)|M
02.16.01|DEMOLIÇÃO DE CONSTRUÇÕES DE ALVENARIA, INCLUSIVE REMOÇÃO E CARGA MECÂNICA|M2
02.16.04|DEMOLIÇÃO DE GABIÃO, INCLUSIVE REMOÇÃO E CARGA MECÂNICA|M3
02.19.01|DEMOLIÇÃO DE DIVISÓRIA DE PEDRA (MÁRMORE, ARDÓSIA OU MARMORITE)|M2
02.19.03|DEMOLIÇÃO DE DIVISÓRIA DE MADEIRA|M2
02.19.05|DEMOLIÇÃO DE DIVISÓRIA DE ELEMENTOS VAZADOS (COBOGÓ, ETC)|M2
02.19.06|DEMOLIÇÃO DE DIVISÓRIA DE LAMINADO|M2
02.20.01|REMOÇÃO DE QUADRO NEGRO|M2
02.21.01|REMOÇÃO DE LOUÇAS|UN
02.21.02|REMOÇÃO DE FERRAGENS (DOBRADIÇAS, FECHADURAS, MAÇANETAS)|UN
02.21.03|REMOÇÃO DE METAIS COMUNS (CONDUÍTE, SIFÃO, REGISTRO, TORNEIRA)|UN
02.21.04|REMOÇÃO DE METAIS ESPECIAIS (VÁLVULA DE DESCARGA, CAIXA SILEN)|UN
02.21.05|REMOÇÃO DE LUMINÁRIA FLUORESCENTE|UN
02.21.06|REMOÇÃO DE LUMINÁRIA INCANDESCENTE|UN
02.21.20|REMOÇÃO DE PADRÃO CEMIG|UN
02.21.21|REMOÇÃO DE PADRÃO COPASA|UN
02.21.22|REMOÇÃO DE INTERFONE|UN
02.22.01|REMOÇÃO DE BANCADA DE PEDRA (MÁRMORE, GRANITO, ARDÓSIA, MARMORITE, ETC)|M2
02.23.01|REMOÇÃO DE CERCA DE ARAME|M
02.23.03|REMOÇÃO DE ALAMBRADO|M2
02.26.01|TRANSPORTE DE MATERIAL DEMOLIDO EM CARRINHO DE MÃO, DMT <= 50,0M|M3
02.26.02|TRANSPORTE DE MATERIAL DEMOLIDO EM CARRINHO DE MÃO, 50,0M < DMT <= 100,0M|M3
02.27.01|CARGA MANUAL DE MATERIAL DEMOLIDO SOBRE CAMINHÃO|M3
02.27.02|CARGA MECÂNICA DE MATERIAL DEMOLIDO SOBRE CAMINHÃO|M3
02.28.01|TRANSPORTE DE MATERIAL DEMOLIDO EM CAMINHÃO, DMT <= 1KM|M3
02.28.02|TRANSPORTE DE MATERIAL DEMOLIDO EM CAMINHÃO, 1KM < DMT <= 2KM|M3
02.28.03|TRANSPORTE DE MATERIAL DEMOLIDO EM CAMINHÃO, 2KM < DMT <= 5KM|M3KM
02.28.04|TRANSPORTE DE MATERIAL DEMOLIDO EM CAMINHÃO, DMT > 5KM|M3KM
02.29.01|TRANSPORTE DE MATERIAL DE QUALQUER NATUREZA EM CAÇAMBA DE 5M3|VG
02.30.01|CAPINA E VARRIÇÃO DE PAVIMENTO EM ALVENARIA POLIÉDRICA|M2
03.01.01|CAPINA MANUAL DE TERRENO|M2
03.01.05|ROÇAMENTO COM ROÇADEIRA MECÂNICA|M2
03.01.07|DESTOCAMENTO, DESPRAGUEJAMENTO MANUAL DE VEGETAÇÃO|M2
03.01.08|DESMATAMENTO, DESTOCAMENTO, TRANSPORTE ATÉ 50M E LIMPEZA MECANIZADA DO TERRENO COM RETROESCAVADEIRA|M2
03.03.03|ESCAVAÇÃO MECÂNICA, INCLUSIVE TRANSPORTE ATÉ 50 M, COM RETROESCAVADEIRA EM MATERIAL DE 1ª CATEGORIA|M3
03.03.04|ESCAVAÇÃO MECÂNICA, INCLUSIVE TRANSPORTE ATÉ 50 M, COM PÁ CARREGADEIRA EM MATERIAL DE 1ª CATEGORIA|M3
03.03.05|ESCAVAÇÃO MECÂNICA, INCLUSIVE TRANSPORTE ATÉ 50 M, COM PÁ CARREGADEIRA EM MATERIAL DE 2ª CATEGORIA|M3
03.05.03|ESCAVAÇÃO E CARGA MECANIZADA COM RETROESCAVADEIRA EM MATERIAL DE 1ª CATEGORIA|M3
03.05.04|ESCAVAÇÃO E CARGA MECANIZADA COM PÁ CARREGADEIRA EM MATERIAL DE 1ª CATEGORIA|M3
03.05.05|ESCAVAÇÃO E CARGA MECANIZADA COM PÁ CARREGADEIRA EM MATERIAL DE 2ª CATEGORIA|M3
03.05.06|ESCAVAÇÃO E CARGA MECANIZADA COM ESCAVADEIRA EM MATERIAL DE 1ª CATEGORIA|M3
03.05.07|ESCAVAÇÃO E CARGA MECANIZADA COM ESCAVADEIRA EM MATERIAL DE 2ª CATEGORIA|M3
03.05.08|ESCAVAÇÃO E CARGA MECANIZADA COM ESCAVADEIRA EM MATERIAL DE 1ª CATEGORIA EM VIAS URBANAS|M3
03.05.09|ESCAVAÇÃO E CARGA MECANIZADA COM ESCAVADEIRA EM MATERIAL DE 2ª CATEGORIA EM VIAS URBANAS|M3
03.12.01|CARGA MANUAL DE MATERIAL DE QUALQUER NATUREZA SOBRE CAMINHÃO|M3
03.12.03|CARGA MECÂNICA DE MATERIAL DE QUALQUER NATUREZA SOBRE CAMINHÃO|M3
03.13.01|TRANSPORTE DE MATERIAL DE QUALQUER NATUREZA, DMT <= 1KM|M3
03.13.02|TRANSPORTE DE MATERIAL DE QUALQUER NATUREZA, 1KM < DMT <= 2KM|M3
03.13.03|TRANSPORTE DE MATERIAL DE QUALQUER NATUREZA, 2KM < DMT <= 5KM|M3KM
03.13.04|TRANSPORTE DE MATERIAL DE QUALQUER NATUREZA, DMT > 5KM|M3KM
03.15.01|ATERRO COMPACTADO COM ROLO VIBRATÓRIO|M3
03.15.02|ATERRO COMPACTADO COM PLACA VIBRATÓRIA|M3
03.15.03|ATERRO COMPACTADO MANUALMENTE COM SOQUETE|M3
03.17.01|ESCAVAÇÃO MANUAL DE VALAS H <= 1,5M|M3
03.17.02|ESCAVAÇÃO MANUAL DE VALAS 1,5M < H <= 3,0M|M3
03.17.03|ESCAVAÇÃO MANUAL DE VALAS 3,0M < H <= 5,0M|M3
03.18.01|ESCAVAÇÃO MECÂNICA DE VALAS, H <= 1,5M, COM DESCARGA LATERAL|M3
03.18.02|ESCAVAÇÃO MECÂNICA DE VALAS, 1,5M < H <= 3,0M, COM DESCARGA LATERAL|M3
03.18.03|ESCAVAÇÃO MECÂNICA DE VALAS, 3,0M < H <= 5,0M, COM DESCARGA LATERAL|M3
03.18.04|ESCAVAÇÃO MECÂNICA DE VALAS, H > 5,0M, COM DESCARGA LATERAL|M3
03.19.01|ESCAVAÇÃO MECÂNICA DE VALAS H <= 1,5M, COM DESCARGA, SEM CAMINHÕES|M3
03.19.02|ESCAVAÇÃO MECÂNICA DE VALAS 1,5M < H <= 3,0M, COM DESCARGA, SEM CAMINHÕES|M3
03.19.03|ESCAVAÇÃO MECÂNICA DE VALAS 3,0M < H <= 5,0M, COM DESCARGA, SEM CAMINHÕES|M3
03.19.04|ESCAVAÇÃO MECÂNICA DE VALAS H > 5,0M, COM DESCARGA, SEM CAMINHÕES|M3
03.22.01|REATERRO MANUAL DE VALA|M3
03.22.02|REATERRO DE VALA COMPACTADO COM EQUIPAMENTO PLACA VIBRATÓRIA OU EQUIVALENTE|M3
03.23.01|REGULARIZAÇÃO MANUAL DE TERRENO COM SOQUETE|M2
03.23.03|REGULARIZAÇÃO DE TERRENO COM PLACA VIBRATÓRIA|M2
03.23.05|COM ROLO VIBRATORIO|M2
03.23.06|PREPARO DE FUNDO DE VALA COM LARGURA MENOR QUE 1,5 M, COM CAMADA DE AREIA, LANÇAMENTO MANUAL REF 101618|M3
03.24.01|TRANSPORTE DE MATERIAL DE QUALQUER NATUREZA EM CARRINHO DE MÃO, DMT <= 50,0M|M3
03.24.02|TRANSPORTE DE MATERIAL DE QUALQUER NATUREZA EM CARRINHO DE MÃO, 50,0 < DMT <= 100,0M|M3
03.25.01|TRANSPORTE DE MATERIAL DE QUALQUER NATUREZA EM CAÇAMBA DE 5M3|VG
03.26.01|ESCAVAÇÃO MECANIZADA PARA BLOCO DE COROAMENTO OU SAPATA COM RETROESCAVADEIRA (INCLUINDO ESCAVAÇÃO PARA COLOCAÇÃO DE FORMAS) REF 96521|M3
03.26.02|ESCAVAÇÃO MECANIZADA PARA VIGA BALDRAME COM MINI ESCAVADEIRA (INCLUINDO ESCAVAÇÃO PARA COLOCAÇÃO DE FÔRMAS) REF 96525|M3
04.01.06|TUBULÃO A CÉU ABERTO, D=90CM, INCLUSIVE CONCRETO, EXCLUSIVE ARMAÇÃO E ENCAMISAMENTO|M3
04.01.07|TUBULÃO A CÉU ABERTO, D=100CM, INCLUSIVE CONCRETO, EXCLUSIVE ARMAÇÃO E ENCAMISAMENTO|M3
04.01.08|TUBULÃO A CÉU ABERTO, D=120CM, INCLUSIVE CONCRETO, EXCLUSIVE ARMAÇÃO E ENCAMISAMENTO|M3
04.01.09|ALARGAMENTO DE BASE DE TUBULÃO A CÉU ABERTO|M3
04.03.25|ESTACA ESCAVADA COM TRADO MANUAL, D=20CM, INCLUSIVE CONCRETO EXCLUSIVE ARMAÇÃO|M
04.03.26|ESTACA ESCAVADA COM TRADO MANUAL, D=25CM, INCLUSIVE CONCRETO EXCLUSIVE ARMAÇÃO|M
04.03.27|ESTACA ESCAVADA COM TRADO MANUAL, D=30CM, INCLUSIVE CONCRETO EXCLUSIVE ARMAÇÃO|M
04.04.01|MOBILIZAÇÃO E DESMOBILIZAÇÃO DE EQUIPAMENTO|UN
04.04.07|ESTACA TRADO MECANIZADO, SEM FLUIDO ESTABILIZANTE, D= 25CM, INCLUSIVE CONCRETO, EXCLUSIVE ARMAÇÃO|M
04.04.08|ESTACA TRADO MECANIZADO, SEM FLUIDO ESTABILIZANTE, D= 40CM, INCLUSIVE CONCRETO, EXCLUSIVE ARMAÇÃO|M
04.04.09|ESTACA TRADO MECANIZADO, SEM FLUIDO ESTABILIZANTE, D= 60CM, INCLUSIVE CONCRETO, EXCLUSIVE ARMAÇÃO|M
04.06.01|MOBILIZAÇÃO E DESMOBILIZAÇÃO DE EQUIPAMENTO - HÉLICE CONTÍNUA|UN
04.06.07|ESTACA HÉLICE CONTÍNUA, D=30 CM, INCLUSIVE CONCRETO E EXCLUSIVE ARMAÇÃO|M
04.06.08|ESTACA HÉLICE CONTÍNUA, D=50 CM, INCLUSIVE CONCRETO E EXCLUSIVE ARMAÇÃO|M
04.06.09|ESTACA HÉLICE CONTÍNUA, D=70 CM, INCLUSIVE CONCRETO E EXCLUSIVE ARMAÇÃO|M
04.06.10|ESTACA HÉLICE CONTÍNUA, D=80 CM, INCLUSIVE CONCRETO E EXCLUSIVE ARMAÇÃO|M
04.06.11|ESTACA HÉLICE CONTÍNUA, D=90 CM, INCLUSIVE CONCRETO E EXCLUSIVE ARMAÇÃO|M
04.10.01|MOBILIZAÇÃO E DESMOBILIZAÇÃO DE EQUIPAMENTO - ESTACA RAIZ|UN
04.10.13|ESTACA RAIZ, SOLO SEM ROCHA, D=20CM, INCLUSIVE ARGAMASSA, EXCLUSIVE ARMAÇÃO|M
04.10.14|ESTACA RAIZ, SOLO SEM ROCHA, D=31CM, INCLUSIVE ARGAMASSA, EXCLUSIVE ARMAÇÃO|M
04.10.15|ESTACA RAIZ, SOLO SEM ROCHA, D=40CM, INCLUSIVE ARGAMASSA, EXCLUSIVE ARMAÇÃO|M
04.10.16|ESTACA RAIZ, SOLO SEM ROCHA, D=45CM, INCLUSIVE ARGAMASSA, EXCLUSIVE ARMAÇÃO|M
04.10.17|ESTACA RAIZ, SOLO COM PRESENÇA DE ROCHA, D=20CM, INCLUSIVE ARGAMASSA, EXCLUSIVE ARMAÇÃO|M
04.10.18|ESTACA RAIZ, SOLO COM PRESENÇA DE ROCHA, D=31CM, INCLUSIVE ARGAMASSA, EXCLUSIVE ARMAÇÃO|M
04.10.19|ESTACA RAIZ, SOLO COM PRESENÇA DE ROCHA, D=40CM, INCLUSIVE ARGAMASSA, EXCLUSIVE ARMAÇÃO|M
04.10.20|ESTACA RAIZ, SOLO COM PRESENÇA DE ROCHA, D=45CM, INCLUSIVE ARGAMASSA, EXCLUSIVE ARMAÇÃO|M
04.13.30|FORMA PARA BLOCO DE COROAMENTO EM TÁBUA DE MADEIRA SERRADA, 2 APROVEITAMENTOS - FABRICAÇÃO, MONTAGEM E DESMONTAGEM REF 96531|M2
04.13.31|FORMA PARA BLOCO DE COROAMENTO EM TÁBUA DE MADEIRA SERRADA, 4 APROVEITAMENTOS - FABRICAÇÃO, MONTAGEM E DESMONTAGEM REF 96534|M2
04.13.32|FORMA PARA BLOCO DE COROAMENTO EM CHAPA DE MADEIRA COMPENSADA RESINADA 18 MM, 2 APROVEITAMENTOS - FABRICAÇÃO, MONTAGEM E DESMONTAGEM REF 96537|M2
04.13.33|FORMA PARA BLOCO DE COROAMENTO EM CHAPA DE MADEIRA COMPENSADA RESINADA 18 MM, 4 APROVEITAMENTOS - FABRICAÇÃO, MONTAGEM E DESMONTAGEM REF 96540|M2
04.13.35|FORMA PARA VIGA BALDRAME EM TÁBUA DE MADEIRA SERRADA, 2 APROVEITAMENTOS - FABRICAÇÃO, MONTAGEM E DESMONTAGEM REF 96533|M2
04.13.36|FORMA PARA VIGA BALDRAME EM TÁBUA DE MADEIRA SERRADA, 4 APROVEITAMENTOS - FABRICAÇÃO, MONTAGEM E DESMONTAGEM REF 96536|M2
04.13.37|FORMA PARA VIGA BALDRAME EM CHAPA DE MADEIRA COMPENSADA RESINADA 18 MM, 2 APROVEITAMENTOS - FABRICAÇÃO, MONTAGEM E DESMONTAGEM REF 96539|M2
04.13.38|FORMA PARA VIGA BALDRAME EM CHAPA DE MADEIRA COMPENSADA RESINADA 18 MM, 4 APROVEITAMENTOS - FABRICAÇÃO, MONTAGEM E DESMONTAGEM REF 96542|M2
04.13.40|FORMA PARA SAPATA EM TÁBUA DE MADEIRA SERRADA, 2 APROVEITAMENTOS - FABRICAÇÃO, MONTAGEM E DESMONTAGEM REF 96532|M2
04.13.41|FORMA PARA SAPATA EM TÁBUA DE MADEIRA SERRADA, 4 APROVEITAMENTOS - FABRICAÇÃO, MONTAGEM E DESMONTAGEM REF 96535|M2
04.13.42|FORMA PARA SAPATA EM CHAPA DE MADEIRA COMPENSADA RESINADA 18 MM, 2 APROVEITAMENTOS - FABRICAÇÃO, MONTAGEM E DESMONTAGEM REF 96538|M2
04.13.43|FORMA PARA SAPATA EM CHAPA DE MADEIRA COMPENSADA RESINADA 18 MM, 4 APROVEITAMENTOS - FABRICAÇÃO, MONTAGEM E DESMONTAGEM REF 96541|M2
04.13.45|FORMA PARA RADIER, PISO DE CONCRETO OU LAJE SOBRE PISO EM TÁBUA DE MADEIRA SERRADA, 4 APROVEITAMENTOS - FABRICAÇÃO, MONTAGEM E DESMONTAGEM REF 97086|M2
04.15.29|ESPAÇADOR DE AÇO CA-50 6,3MM H=5CM TIPO CARANGUEJO PARA PISO DE CONCRETO ARMADO|UN
04.15.31|AÇO CA-60 D= 4,2MM, CORTE, DOBRA E COLOCAÇÃO EM FUNDAÇÃO REF 96543|KG
04.15.32|AÇO CA-60 D= 5,0MM, CORTE, DOBRA E COLOCAÇÃO EM FUNDAÇÃO REF 96543|KG
04.15.41|AÇO CA-50 D= 6,3MM, CORTE, DOBRA E COLOCAÇÃO EM FUNDAÇÃO REF 96544|KG
04.15.42|AÇO CA-50 D= 8,0MM, CORTE, DOBRA E COLOCAÇÃO EM FUNDAÇÃO REF 96545|KG
04.15.43|AÇO CA-50 D= 10,0MM, CORTE, DOBRA E COLOCAÇÃO EM FUNDAÇÃO REF 96546|KG
04.15.44|AÇO CA-50 D= 12,5MM, CORTE, DOBRA E COLOCAÇÃO EM FUNDAÇÃO REF 96547|KG
04.15.45|AÇO CA-50 D= 16,0MM, CORTE, DOBRA E COLOCAÇÃO EM FUNDAÇÃO REF 96548|KG
04.15.46|AÇO CA-50 D= 20,0MM, CORTE, DOBRA E COLOCAÇÃO EM FUNDAÇÃO REF 96549|KG
04.15.47|AÇO CA-50 D= 25,0MM, CORTE, DOBRA E COLOCAÇÃO EM FUNDAÇÃO REF 96550|KG
04.19.02|CONCRETO CICLÓPICO FCK = 15MPA, 30% PEDRA DE MÃO, INCLUSIVE LANÇAMENTO REF 102487|M3
04.21.01|CONCRETO 1:4:8, BRITA CALCÁRIA, PREPARADO EM OBRA E LANÇADO EM FUNDAÇÃO|M3
04.21.03|CONCRETO 1:3:6, BRITA CALCÁRIA, PREPARADO EM OBRA E LANÇADO EM FUNDAÇÃO|M3
04.21.15|CONCRETO CONVENCIONAL FCK >= 15MPA, BRITA CALCÁRIA, PREPARADO EM OBRA E LANÇADO EM FUNDAÇÃO|M3
04.21.20|CONCRETO CONVENCIONAL FCK >= 20MPA, BRITA CALCÁRIA, PREPARADO EM OBRA E LANÇADO EM FUNDAÇÃO|M3
04.21.25|CONCRETO CONVENCIONAL FCK >= 25MPA, BRITA CALCÁRIA, PREPARADO EM OBRA E LANÇADO EM FUNDAÇÃO|M3
04.21.30|CONCRETO CONVENCIONAL FCK >= 30MPA, BRITA CALCÁRIA, PREPARADO EM OBRA E LANÇADO EM FUNDAÇÃO|M3
04.21.40|CONCRETO CONVENCIONAL FCK >= 40MPA, BRITA CALCÁRIA, PREPARADO EM OBRA E LANÇADO EM FUNDAÇÃO|M3
04.23.15|CONCRETO USINADO FCK >= 15MPA, BRITA CALCÁRIA, LANÇADO EM FUNDAÇÃO|M3
04.23.20|CONCRETO USINADO FCK >= 20MPA, BRITA CALCÁRIA, LANÇADO EM FUNDAÇÃO|M3
04.23.25|CONCRETO USINADO FCK >= 25MPA, BRITA CALCÁRIA, LANÇADO EM FUNDAÇÃO|M3
04.23.30|CONCRETO USINADO FCK >= 30MPA, BRITA CALCÁRIA, LANÇADO EM FUNDAÇÃO|M3
04.23.40|CONCRETO USINADO FCK >= 40MPA, BRITA CALCÁRIA, LANÇADO EM FUNDAÇÃO|M3
04.27.20|CONCRETO USINADO BOMBEADO FCK >= 20MPA, BRITA CALCÁRIA, LANÇADO EM FUNDAÇÃO|M3
04.27.25|CONCRETO USINADO BOMBEADO FCK >= 25MPA, BRITA CALCÁRIA, LANÇADO EM FUNDAÇÃO|M3
04.27.30|CONCRETO USINADO BOMBEADO FCK >= 30MPA, BRITA CALCÁRIA, LANÇADO EM FUNDAÇÃO|M3
04.27.40|CONCRETO USINADO BOMBEADO FCK >= 40MPA, BRITA CALCÁRIA, LANÇADO EM FUNDAÇÃO|M3
04.30.14|BALDRAME DE ALVENARIA DE BLOCO DE CONCRETO, E= 15CM PREENCHIDO COM CONCRETO (20MPA)|M2
04.30.15|BALDRAME DE ALVENARIA DE BLOCO DE CONCRETO, E= 20CM PREENCHIDO COM CONCRETO (20MPA)|M2
04.31.06|ARRASAMENTO ESTACA DE CONCRETO ARMADO, D <= 40CM COM EQUIPAMENTO ELÉTRICO REF 95601|UN
04.31.07|ARRASAMENTO ESTACA DE CONCRETO ARMADO, D=41 A 60CM COM EQUIPAMENTO ELÉTRICO REF 95602|UN
04.31.08|ARRASAMENTO DE ESTACA DE CONCRETO ARMADO, D=61 A 80CM COM EQUIPAMENTO ELÉTRICO REF 95603|UN
04.31.09|ARRASAMENTO ESTACA DE CONCRETO ARMADO, D=81 A 100CM COM EQUIPAMENTO ELÉTRICO REF 95604|UN
04.31.10|ARRASAMENTO ESTACA DE CONCRETO ARMADO, D=101 A 150 CM COM EQUIPAMENTO ELÉTRICO REF 95605|UN
05.01.01|ENROCAMENTO COM PEDRA DE MÃO - JOGADA|T
05.01.02|ENROCAMENTO COM PEDRA DE MÃO - ARRUMADA|M3
05.03.02|CONCRETO MAGRO PARA LASTRO, TRAÇO 1:4,5:4,5, PREPARO MECÂNICO COM BETONEIRA, INCLUI LANÇAMENTO E ACABAMENTO|M3
05.04.04|FORMA PARA SERVIÇOS DE GALERIAS EM CHAPA DE MADEIRA COMPENSADA RESINADA 18MM, 2 APROVEITAMENTOS - FABRICAÇÃO, MONTAGEM E DESMONTAGEM REF 102727|M2
05.05.10|AÇO CA 60 - D= 5,00 MM, CORTE, DOBRA E COLOCAÇÃO EM GALERIAS E/OU CONTENÇÕES ADP REF 92915|KG
05.05.11|AÇO CA 50 - D= 6,3 MM, CORTE, DOBRA E COLOCAÇÃO EM GALERIAS E/OU CONTENÇÕES ADP REF 92916|KG
05.05.12|AÇO CA 50 - D= 8,0 MM, CORTE, DOBRA E COLOCAÇÃO EM GALERIAS E/OU CONTENÇÕES ADP REF 92917|KG
05.05.13|AÇO CA 50 - D= 10,0 MM, CORTE, DOBRA E COLOCAÇÃO EM GALERIAS E/OU CONTENÇÕES ADP REF 92919|KG
05.05.14|AÇO CA 50 - D= 12,5 MM, CORTE, DOBRA E COLOCAÇÃO EM GALERIAS E/OU CONTENÇÕES ADP REF 92921|KG
05.05.15|AÇO CA 50 - D= 16,0 MM, CORTE, DOBRA E COLOCAÇÃO EM GALERIAS E/OU CONTENÇÕES ADP REF 92922|KG
05.05.16|AÇO CA 50 - D= 20 MM, CORTE, DOBRA E COLOCAÇÃO EM GALERIAS E/OU CONTENÇÕES ADP REF 92923|KG
05.05.17|AÇO CA 50 - D= 25 MM, CORTE, DOBRA E COLOCAÇÃO EM GALERIAS E/OU CONTENÇÕES ADP REF 92924|KG
05.06.01|JUNTA ELÁSTICA 0-22, FUNGENBAND/EQUIVALENTE|M
05.06.02|JUNTA ELÁSTICA 0-12, FUNGENBAND/EQUIVALENTE|M
05.07.15|CONCRETO FCK >= 15MPA, BRITA CALCÁRIA, PREPARADO EM OBRA E LANÇADO EM GALERIAS/CONTENÇÕES|M3
05.07.20|CONCRETO FCK >= 20MPA, BRITA CALCÁRIA, PREPARADO EM OBRA E LANÇADO EM GALERIAS/CONTENÇÕES|M3
05.07.25|CONCRETO FCK >= 25MPA, BRITA CALCÁRIA, PREPARADO EM OBRA E LANÇADO EM GALERIAS/CONTENÇÕES|M3
05.07.26|CONCRETO FCK >= 30MPA, BRITA CALCÁRIA, PREPARADO EM OBRA E LANÇADO EM GALERIAS/CONTENÇÕES|M3
05.07.30|CONCRETO FCK >= 40MPA, BRITA CALCÁRIA, PREPARADO EM OBRA E LANÇADO EM GALERIAS/CONTENÇÕES|M3
05.07.35|CONCRETO FCK >= 15MPA, BRITA CALCÁRIA, USINADO CONVENCIONAL, LANÇADO EM GALERIAS/CONTENÇÕES|M3
05.07.40|CONCRETO FCK >= 20MPA, BRITA CALCÁRIA, USINADO CONVENCIONAL, LANÇADO EM GALERIAS/CONTENÇÕES|M3
05.07.45|CONCRETO FCK >= 25MPA, BRITA CALCÁRIA, USINADO CONVENCIONAL, LANÇADO EM GALERIAS/CONTENÇÕES|M3
05.07.46|CONCRETO FCK >= 30MPA, BRITA CALCÁRIA, USINADO CONVENCIONAL, LANÇADO EM GALERIAS/CONTENÇÕES|M3
05.07.48|CONCRETO FCK >= 40MPA, BRITA CALCÁRIA, USINADO CONVENCIONAL, LANÇADO EM GALERIAS/CONTENÇÕES|M3
05.09.03|ENCHIMENTO DE DRENO COM AREIA (COM ADENSAMENTO HIDRÁULICO)|M3
05.09.04|ENCHIMENTO MANUAL DE BRITA EM DRENO REF 102719|M3
05.09.05|ENCHIMENTO MECANIZADO DE BRITA EM DRENO REF 102717|M3
05.11.01|MANTA GEOTÊXTIL - 180G/M2 - RESISTÊNCIA A TRAÇÃO >= 9KN/M REF 102712|M2
05.11.03|MANTA GEOTÊXTIL - 300G/M2 - RESISTÊNCIA A TRAÇÃO >= 16KN/M|M2
05.12.06|DRENO BARBACÃ, DN 50MM, COM MATERIAL DRENANTE (COMPRIMENTO 50CM) REF 102726|UN
05.12.07|DRENO BARBACÃ, DN 75MM, COM MATERIAL DRENANTE (COMPRIMENTO 50CM) REF 102725|UN
05.12.08|DRENO BARBACÃ, DN 100MM, COM MATERIAL DRENANTE (COMPRIMENTO 50CM) REF 102724|UN
05.13.01|TUBO PARA DRENO DE ALÍVIO, DN 100MM COMPRIMENTO 50CM|UN
05.13.10|TUBO PARA LIGAÇAO DE DRENO EM LATERAL DE GALERIA, DN 200MM|M
05.16.01|POÇO DE BOMBEAMENTO COM TUBO CA-1 D=400 MM|UN
05.16.02|DRENO DE SERVIÇO PARA POÇO DE BOMBEAMENTO|M3
05.17.01|ALA DE GALERIA CELULAR, DIMENSÃO B= 1.20M, PADRÃO SUDECAP|UN
05.17.04|ALA DE GALERIA CELULAR, DIMENSÃO B= 1.50M, PADRÃO SUDECAP|UN
05.17.07|ALA DE GALERIA CELULAR, DIMENSÃO B= 1.80M, PADRÃO SUDECAP|UN
05.17.10|ALA DE GALERIA CELULAR, DIMENSÃO B= 2.10M, PADRÃO SUDECAP|UN
05.17.13|ALA DE GALERIA CELULAR, DIMENSÃO B= 2.40M, PADRÃO SUDECAP|UN
05.17.16|ALA DE GALERIA CELULAR, DIMENSÃO B= 2.70M, PADRÃO SUDECAP|UN
05.17.19|ALA DE GALERIA CELULAR, DIMENSÃO B= 3.00M, PADRÃO SUDECAP|UN
05.19.02|GRELHA PARA POÇO DE VISITA DE CANAL, EXCLUSIVE QUADRO|UN
05.19.03|QUADRO PARA GRELHA DE POÇO DE VISITA DE CANAL|UN
05.20.01|GABIÃO TIPO CAIXA MALHA 8 X 10CM FIO 2,7MM ZN/AL + PVC COM ENCHIMENTO PEDRA GNAISSE H= 100CM|M3
05.20.02|GABIÃO TIPO CAIXA MALHA 8 X 10CM FIO 2,7MM ZN/AL + PVC COM ENCHIMENTO PEDRA GNAISSE H= 50CM|M3
05.20.03|GABIÃO TIPO CAIXA MALHA 8 X 10CM FIO 2,7MM ZN/AL COM ENCHIMENTO PEDRA GNAISSE H= 100CM|M3
05.20.04|GABIÃO TIPO CAIXA MALHA 8 X 10CM FIO 2,7MM ZN/AL COM ENCHIMENTO PEDRA GNAISSE H= 50CM|M3
05.20.07|GABIÃO TIPO COLCHÃO MALHA 6 X 8CM FIO 2MM ZN/AL + PVC COM ENCHIMENTO PEDRA GNAISSE H= 30CM|M3
05.20.08|GABIÃO TIPO COLCHÃO MALHA 6 X 8CM FIO 2MM ZN/AL + PVC COM ENCHIMENTO PEDRA GNAISSE H= 23CM|M3
05.20.09|GABIÃO TIPO COLCHÃO MALHA 6 X 8CM FIO 2MM ZN/AL + PVC COM ENCHIMENTO PEDRA GNAISSE H= 17CM|M3
05.20.11|GABIÃO TIPO SACO MALHA 8 X 10CM FIO 2,4MM ZN/AL + PVC COM ENCHIMENTO PEDRA GNAISSE|M3
05.21.01|CHAMINÉ PARA POÇO DE VISITA DE GALERIA - H = 1 METRO|UN
05.21.02|CHAMINÉ PARA POÇO DE VISITA DE GALERIA - H = 2 METROS|UN
05.21.03|CHAMINÉ PARA POÇO DE VISITA DE GALERIA - H = 3 METROS|UN
05.21.04|CHAMINÉ PARA POÇO DE VISITA DE GALERIA - H = 4 METROS|UN
05.21.11|VIGA PARA POÇO DE VISITAS DE GALERIA COM LARGURA DE 2 METROS|UN
05.21.12|VIGA PARA POÇO DE VISITAS DE GALERIA COM LARGURA DE 3 METROS|UN
05.21.13|VIGA PARA POÇO DE VISITAS DE GALERIA COM LARGURA DE 4 METROS|UN
05.21.14|VIGA PARA POÇO DE VISITAS DE GALERIA COM LARGURA DE 5 METROS|UN
06.01.30|FORMA PARA PILAR, PÉ DIREITO SIMPLES, EM TÁBUA DE MADEIRA SERRADA, 2 APROVEITAMENTOS - FABRICAÇÃO, MONTAGEM E DESMONTAGEM ADP REF 92411|M2
06.01.31|FORMA PARA PILAR, PÉ DIREITO SIMPLES, EM TÁBUA DE MADEIRA SERRADA, 4 APROVEITAMENTOS - FABRICAÇÃO, MONTAGEM E DESMONTAGEM ADP REF 92413|M2
06.01.32|FORMA PARA PILAR, PÉ DIREITO SIMPLES, EM CHAPA DE MADEIRA COMPENSADA RESINADA 18MM, 2 APROVEITAMENTOS - FABRICAÇÃO, MONTAGEM E DESMONTAGEM ADP REF 92415|M2
06.01.33|FORMA PARA PILAR, PÉ DIREITO SIMPLES, EM CHAPA DE MADEIRA COMPENSADA RESINADA 18MM, 4 APROVEITAMENTOS - FABRICAÇÃO, MONTAGEM E DESMONTAGEM ADP REF 92419|M2
06.01.35|FORMA PARA VIGA, PÉ DIREITO SIMPLES, ESCORAMENTO TIPO PONTALETE, EM TÁBUA DE MADEIRA SERRADA, 2 APROVEITAMENTOS - FABRICAÇÃO, MONTAGEM E DESMONTAGEM ADP REF 92447|M2
06.01.36|FORMA PARA VIGA, PÉ DIREITO SIMPLES, ESCORAMENTO TIPO PONTALETE, EM TÁBUA DE MADEIRA SERRADA, 4 APROVEITAMENTOS - FABRICAÇÃO, MONTAGEM E DESMONTAGEM ADP REF 92448|M2
06.01.37|FORMA PARA VIGA RETANGULAR, PÉ DIREITO SIMPLES, EM CHAPA DE MADEIRA COMPENSADA RESINADA 18MM, ESCORAMENTO METÁLICO, 2 APROVEITAMENTOS - FABRICAÇÃO, MONTAGEM E DESMONTAGEM ADP REF 92452|M2
06.01.38|FORMA PARA VIGA RETANGULAR, PÉ DIREITO SIMPLES, EM CHAPA DE MADEIRA COMPENSADA RESINADA 18MM, ESCORAMENTO METÁLICO, 4 APROVEITAMENTOS - FABRICAÇÃO, MONTAGEM E DESMONTAGEM ADP REF 92456|M2
06.01.40|FORMA PARA LAJE MACIÇA, PÉ DIREITO SIMPLES, ESCORAMENTO TIPO PONTALETE, EM TÁBUA DE MADEIRA SERRADA, 2 APROVEITAMENTOS - FABRICAÇÃO, MONTAGEM E DESMONTAGEM ADP REF 92484|M2
06.01.41|FORMA PARA LAJE MACIÇA, PÉ DIREITO SIMPLES, ESCORAMENTO TIPO PONTALETE, EM TÁBUA DE MADEIRA SERRADA, 4 APROVEITAMENTOS - FABRICAÇÃO, MONTAGEM E DESMONTAGEM ADP REF 92486|M2
06.01.42|FORMA PARA LAJE MACIÇA, PÉ DIREITO SIMPLES, EM CHAPA DE MADEIRA COMPENSADA RESINADA 18MM, ESCORAMENTO METÁLICO, 2 APROVEITAMENTOS - FABRICAÇÃO, MONTAGEM E DESMONTAGEM ADP REF 92510|M2
06.01.43|FORMA PARA LAJE MACIÇA, PÉ DIREITO SIMPLES, EM CHAPA DE MADEIRA COMPENSADA RESINADA 18MM, ESCORAMENTO METÁLICO, 4 APROVEITAMENTOS - FABRICAÇÃO, MONTAGEM E DESMONTAGEM ADP REF 92514|M2
06.01.50|FORMA PARA ESCADAS, COM 2 LANCES EM "U" E LAJE PLANA, EM MADEIRA SERRADA, ESCORAMENTO TIPO PONTALETE, 1 APROVEITAMENTO - FABRICAÇÃO, MONTAGEM E DESMONTAGEM ADP REF 101974|M2
06.01.51|FORMA PARA ESCADAS, COM 2 LANCES EM "U" E LAJE PLANA, EM CHAPA DE MADEIRA COMPENSADA RESINADA DE 18MM, ESCORAMENTO METÁLICO, 2 APROVEITAMENTOS - FABRICAÇÃO, MONTAGEM E DESMONTAGEM ADP REF 101977|M2
06.01.52|FORMA PARA ESCADAS, COM 2 LANCES EM "L" E LAJE PLANA, EM MADEIRA SERRADA, ESCORAMENTO TIPO PONTALETE, 1 APROVEITAMENTO - FABRICAÇÃO, MONTAGEM E DESMONTAGEM ADP REF 102007|M2
06.01.53|FORMA PARA ESCADAS, COM 2 LANCES EM "L" E LAJE PLANA, EM CHAPA DE MADEIRA COMPENSADA RESINADA DE 18MM, ESCORAMENTO METÁLICO, 2 APROVEITAMENTOS - FABRICAÇÃO, MONTAGEM E DESMONTAGEM ADP REF 102009|M2
06.01.54|FORMA PARA ESCADAS, COM 1 LANCE E LAJE PLANA, EM MADEIRA SERRADA, ESCORAMENTO TIPO PONTALETE, 1 APROVEITAMENTO - FABRICAÇÃO, MONTAGEM E DESMONTAGEM ADP REF 102039|M2
06.01.55|FORMA PARA ESCADAS, COM 1 LANCE E LAJE PLANA, EM CHAPA DE MADEIRA COMPENSADA RESINADA, ESCORAMENTO METÁLICO, 2 APROVEITAMENTOS - FABRICAÇÃO, MONTAGEM E DESMONTAGEM ADP REF 102041|M2
06.03.04|ARMAÇÃO AÇO CA-60 D= 4,2MM (LAJES), INCLUSIVE CORTE, DOBRA E COLOCAÇÃO EM ESTRUTURA|KG
06.03.05|ARMAÇÃO AÇO CA-60 D= 5,0MM (LAJES), INCLUSIVE CORTE, DOBRA E COLOCAÇÃO EM ESTRUTURA|KG
06.03.06|ARMAÇÃO AÇO CA-60 D= 6,0MM (LAJES), INCLUSIVE CORTE, DOBRA E COLOCAÇÃO EM ESTRUTURA|KG
06.03.21|ARMAÇÃO AÇO CA-50 D= 6,3MM (LAJES), INCLUSIVE CORTE, DOBRA E COLOCAÇÃO EM ESTRUTURA|KG
06.03.22|ARMAÇÃO AÇO CA-50 D= 8,0MM (LAJES), INCLUSIVE CORTE, DOBRA E COLOCAÇÃO EM ESTRUTURA|KG
06.03.23|ARMAÇÃO AÇO CA-50 D= 10,0MM (LAJES), INCLUSIVE CORTE, DOBRA E COLOCAÇÃO EM ESTRUTURA|KG
06.03.24|ARMAÇÃO AÇO CA-50 D= 12,5MM (LAJES), INCLUSIVE CORTE, DOBRA E COLOCAÇÃO EM ESTRUTURA|KG
06.03.25|ARMAÇÃO AÇO CA-50 D= 16,0MM (LAJES), INCLUSIVE CORTE, DOBRA E COLOCAÇÃO EM ESTRUTURA|KG
06.03.26|ARMAÇÃO AÇO CA-50 D= 20,0MM (LAJES), INCLUSIVE CORTE, DOBRA E COLOCAÇÃO EM ESTRUTURA|KG
06.03.27|ARMAÇÃO AÇO CA-50 D= 25,0MM (LAJES), INCLUSIVE CORTE, DOBRA E COLOCAÇÃO EM ESTRUTURA|KG
06.03.28|ARMAÇÃO AÇO CA-50 D= 32,0MM (LAJES), INCLUSIVE CORTE, DOBRA E COLOCAÇÃO EM ESTRUTURA|KG
06.03.31|ARMAÇÃO AÇO CA-60 D= 4,2MM (EXCETO LAJES), INCLUSIVE CORTE, DOBRA E COLOCAÇÃO EM ESTRUTURA|KG
06.03.32|ARMAÇÃO AÇO CA-60 D= 5,0MM (EXCETO LAJES), INCLUSIVE CORTE, DOBRA E COLOCAÇÃO EM ESTRUTURA|KG
06.03.33|ARMAÇÃO AÇO CA-60 D= 6,0MM (EXCETO LAJES), INCLUSIVE CORTE, DOBRA E COLOCAÇÃO EM ESTRUTURA|KG
06.03.41|ARMAÇÃO AÇO CA-50 D= 6,3MM (EXCETO LAJES), INCLUSIVE CORTE, DOBRA E COLOCAÇÃO EM ESTRUTURA|KG
06.03.42|ARMAÇÃO AÇO CA-50 D= 8,0MM (EXCETO LAJES), INCLUSIVE CORTE, DOBRA E COLOCAÇÃO EM ESTRUTURA|KG
06.03.43|ARMAÇÃO AÇO CA-50 D= 10,0MM (EXCETO LAJES), INCLUSIVE CORTE, DOBRA E COLOCAÇÃO EM ESTRUTURA|KG
06.03.44|ARMAÇÃO AÇO CA-50 D= 12,5MM (EXCETO LAJES), INCLUSIVE CORTE, DOBRA E COLOCAÇÃO EM ESTRUTURA|KG
06.03.45|ARMAÇÃO AÇO CA-50 D= 16,0MM (EXCETO LAJES), INCLUSIVE CORTE, DOBRA E COLOCAÇÃO EM ESTRUTURA|KG
06.03.46|ARMAÇÃO AÇO CA-50 D= 20,0MM (EXCETO LAJES), INCLUSIVE CORTE, DOBRA E COLOCAÇÃO EM ESTRUTURA|KG
06.03.47|ARMAÇÃO AÇO CA-50 D= 25,0MM (EXCETO LAJES), INCLUSIVE CORTE, DOBRA E COLOCAÇÃO EM ESTRUTURA|KG
06.03.48|ARMAÇÃO AÇO CA-50 D= 32,0MM (EXCETO LAJES), INCLUSIVE CORTE, DOBRA E COLOCAÇÃO EM ESTRUTURA|KG
06.04.01|FORNECIMENTO E COLOCAÇÃO DE TELA Q-92|KG
06.04.02|FORNECIMENTO E COLOCAÇÃO DE TELA Q-138|KG
06.04.03|FORNECIMENTO E COLOCAÇÃO DE TELA Q-196|KG
06.04.04|FORNECIMENTO E COLOCAÇÃO DE TELA Q-61|KG
06.04.05|FORNECIMENTO E COLOCAÇÃO DE TELA Q-75|KG
06.04.06|FORNECIMENTO E COLOCAÇÃO DE TELA Q-113|KG
06.04.09|FORNECIMENTO E COLOCAÇÃO DE TELA Q-283|KG
06.04.10|FORNECIMENTO E COLOCAÇÃO DE TELA Q-335|KG
06.04.12|FORNECIMENTO E COLOCAÇÃO DE TELA Q-503|KG
06.04.14|FORNECIMENTO E COLOCAÇÃO DE TELA Q-785|KG
06.04.16|FORNECIMENTO E COLOCAÇÃO DE TELA Q-166|KG
06.04.17|FORNECIMENTO E COLOCAÇÃO DE TELA Q-238|KG
06.04.18|FORNECIMENTO E COLOCAÇÃO DE TELA Q-385|KG
06.04.19|FORNECIMENTO E COLOCAÇÃO DE TELA Q-709|KG
06.05.20|CONCRETO CONVENCIONAL FCK >= 20MPA, BRITA CALCÁRIA, PREPARADO EM OBRA E LANÇADO EM ESTRUTURA|M3
06.05.25|CONCRETO CONVENCIONAL FCK >= 25MPA, BRITA CALCÁRIA, PREPARADO EM OBRA E LANÇADO EM ESTRUTURA|M3
06.05.30|CONCRETO CONVENCIONAL FCK >= 30MPA, BRITA CALCÁRIA, PREPARADO EM OBRA E LANÇADO EM ESTRUTURA|M3
06.05.40|CONCRETO CONVENCIONAL FCK >= 40MPA, BRITA CALCÁRIA, PREPARADO EM OBRA E LANÇADO EM ESTRUTURA|M3
06.07.20|CONCRETO USINADO FCK >= 20MPA, BRITA CALCÁRIA, LANÇADO EM ESTRUTURA|M3
06.07.25|CONCRETO USINADO FCK >= 25MPA, BRITA CALCÁRIA, LANÇADO EM ESTRUTURA|M3
06.07.30|CONCRETO USINADO FCK >= 30MPA, BRITA CALCÁRIA, LANÇADO EM ESTRUTURA|M3
06.07.40|CONCRETO USINADO FCK >= 40MPA, BRITA CALCÁRIA, LANÇADO EM ESTRUTURA|M3
06.09.20|CONCRETO USINADO BOMBEADO, FCK >= 20MPA, BRITA CALCÁRIA, LANÇADO EM ESTRUTURA|M3
06.09.25|CONCRETO USINADO BOMBEADO, FCK >= 25MPA, BRITA CALCÁRIA, LANÇADO EM ESTRUTURA|M3
06.09.30|CONCRETO USINADO BOMBEADO, FCK >= 30MPA, BRITA CALCÁRIA, LANÇADO EM ESTRUTURA|M3
06.09.40|CONCRETO USINADO BOMBEADO, FCK >= 40MPA, BRITA CALCÁRIA, LANÇADO EM ESTRUTURA|M3
06.12.44|LAJE PRÉ-MOLDADA TRELIÇADA, SOBRECARGA 300KGF/M2, TRELIÇA TR08, VÃO ATÉ 4 METROS, INCLUSIVE CAPEAMENTO E=4CM. ESPESSURA TOTAL DA LAJE=12CM|M2
06.12.45|LAJE PRÉ-MOLDADA TRELIÇADA, SOBRECARGA 300KGF/M2, TRELIÇA TR12, VÃO ATÉ 5 METROS, INCLUSIVE CAPEAMENTO E=4CM. ESPESSURA TOTAL DA LAJE=16CM|M2
06.12.46|LAJE PRÉ-MOLDADA TRELIÇADA, SOBRECARGA 300KGF/M2, TRELIÇA TR16, VÃO ATÉ 6 METROS, INCLUSIVE CAPEAMENTO E=4CM. ESPESSURA TOTAL DA LAJE=20CM|M2
06.12.48|LAJE PRÉ-MOLDADA TRELIÇADA, SOBRECARGA 300KGF/M2, TRELIÇA TR20, VÃO ATÉ 8 METROS, INCLUSIVE CAPEAMENTO E=5CM. ESPESSURA TOTAL DA LAJE=25CM|M2
07.01.03|ALVENARIA DE TIJOLO MACIÇO REQUEIMADO, E=10 CM REF 101159|M2
07.03.03|ALVENARIA DE VEDAÇÃO COM BLOCO CERÂMICO, E=9CM, ADP REF 103356|M2
07.03.05|ALVENARIA DE VEDAÇÃO COM BLOCO CERÂMICO, E=14CM, ADP REF 103360|M2
07.03.07|ALVENARIA DE VEDAÇÃO COM BLOCO CERÂMICO, E=19CM, ADP REF 103362|M2
07.03.12|ALVENARIA DE VEDAÇÃO COM ELEMENTO VAZADO DE CERÂMICA (COBOGÓ) DE 7 X 20 X 20 CM REF 101162|M2
07.04.01|ALVENARIA DE BLOCO CERÂMICO ESTRUTURAL 6,0 MPA DE 14X19X39 CM (ESPESSURA 14 CM) ADP 89298|M2
07.04.02|ALVENARIA DE BLOCO CERÂMICO ESTRUTURAL 6,0 MPA DE 14X19X29 CM (ESPESSURA 14 CM) ADP 89306|M2
07.05.03|ALVENARIA DE VEDAÇÃO DE BLOCOS VAZADOS DE CONCRETO DE 9X19X39 CM (ESPESSURA 9 CM) ADP 103316|M2
07.05.05|ALVENARIA DE VEDAÇÃO DE BLOCOS VAZADOS DE CONCRETO DE 14X19X39 CM (ESPESSURA 14 CM) ADP 103318|M2
07.05.07|ALVENARIA DE VEDAÇÃO DE BLOCOS VAZADOS DE CONCRETO DE 19X19X39 CM (ESPESSURA 19 CM) ADP 103320|M2
07.05.13|ALVENARIA DE VEDAÇÃO DE BLOCOS VAZADOS DE CONCRETO APARENTE DE 9X19X39 CM (ESPESSURA 9 CM) ADP 103336|M2
07.05.15|ALVENARIA DE VEDAÇÃO DE BLOCOS VAZADOS DE CONCRETO APARENTE DE 14X19X39 CM (ESPESSURA 14 CM) ADP 103338|M2
07.05.17|ALVENARIA DE VEDAÇÃO DE BLOCOS VAZADOS DE CONCRETO APARENTE DE 19X19X39 CM (ESPESSURA 19 CM) ADP 103340|M2
07.05.18|ALVENARIA DE VEDAÇÃO COM ELEMENTO VAZADO DE CONCRETO (COBOGÓ) DE 7 X 50 X 50 CM REF 101161|M2
07.06.02|ALVENARIA DE BLOCOS DE CONCRETO ESTRUTURAL 4,5 MPA DE 14X19X39 CM (ESPESSURA 14 CM) ADP 89470|M2
07.06.03|ALVENARIA DE BLOCOS DE CONCRETO ESTRUTURAL 4,5 MPA DE 19X19X39 CM (ESPESSURA 19 CM)|M2
07.32.02|DIVISORIA SANITÁRIA, TIPO CABINE, EM ARDÓSIA POLIDA, ESP = 3CM, ASSENTADA COM ARGAMASSA COLANTE AC III, EXCLUSIVE FERRAGENS, ADP REF 102254|M2
07.32.03|TAPA VISTA DE MICTÓRIO EM ARDÓSIA POLIDA, ESP = 3CM, ASSENTADO COM ARGAMASSA COLANTE AC III, EXCLUSIVE FERRAGENS, ADP REF 102255|M2
07.32.11|DIVISÓRIA SANITÁRIA, TIPO CABINE, EM GRANITO CINZA CORUMBÁ POLIDO, ESP = 3CM, ASSENTADO COM ARGAMASSA COLANTE AC III, EXCLUSIVE FERRAGENS, ADP REF 102254|M2
07.32.12|TAPA VISTA DE MICTÓRIO EM GRANITO CINZA CORUMBÁ POLIDO, ESP = 3CM, ASSENTADO COM ARGAMASSA COLANTE AC III, EXCLUSIVE FERRAGENS, ADP REF 102255|M2
07.34.50|DIVISÓRIA CEGA - PAINEL MSO/COLMÉIA E=35MM - PERFIS SIMPLES AÇO GALVANIZADO PINTADO (DIVISÓRIA NAVAL) INCLUSIVE INSTALAÇÃO|M2
07.34.51|CONJUNTO DE FERRAGENS PARA CONFECÇÃO DE PORTA DE DIVISÓRIA, INCLUINDO FECHADURA, DOBRADIÇAS E INSTALAÇÃO|UN
07.35.04|VERGA PRÉ-MOLDADA COM ATÉ 1,5 M DE VÃO, ESPESSURA DE 10 CM|M
07.35.05|CONTRAVERGA PRÉ-MOLDADA COM ATÉ 1,5 M DE VÃO, ESPESSURA DE 10 CM|M
07.35.06|VERGA PRÉ-MOLDADA COM ATÉ 1,5 M DE VÃO, ESPESSURA DE 15 CM|M
07.35.07|CONTRAVERGA PRÉ-MOLDADA COM ATÉ 1,5 M DE VÃO, ESPESSURA DE 15 CM|M
07.35.08|VERGA PRÉ-MOLDADA COM ATÉ 1,5 M DE VÃO, ESPESSURA DE 20 CM|M
07.35.09|CONTRAVERGA PRÉ-MOLDADA COM ATÉ 1,5 M DE VÃO, ESPESSURA DE 20 CM|M
07.37.01|MURO DE CONCRETO PRÉ-MOLDADO TIPO CALHA"V", ALTURA LIVRE= 2,5M, SAPATA CONCRETO 1:3:6, 30 X 50CM|M
07.38.05|MURO DE DIVISA, BLOCO DE CONCRETO APARENTE DE 14X19X39 CM, H= 2,60M, INCLUSIVE FUNDAÇÃO|M2
07.39.01|CHAPÉU DE MURO PADRÃO SUCECAP|M
08.01.01|ENGRADAMENTO EM MADEIRA PARAJU, PARA COBERTURA CERÂMICA COM TESOURAS COMPLETO|M2
08.01.03|ENGRADAMENTO EM MADEIRA PARAJU, PARA COBERTURA CERÂMICA, CAIBROS E RIPAS|M2
08.01.11|ENGRADAMENTO EM MADEIRA PARAJU, PARA COBERTURA EM TELHA ONDULADA|M2
08.02.01|PEÇAS 13,5 X 5,5CM, PARA ENGRADAMENTO EM MADEIRA PARAJU|M
08.02.03|PEÇAS 10,5 X 5,5CM, PARA ENGRADAMENTO EM MADEIRA PARAJU|M
08.02.05|PEÇAS 6,0 X 5,5CM, PARA ENGRADAMENTO EM MADEIRA PARAJU|M
08.02.07|CAIBRO 5,5 X 4,0CM, PARA ENGRADAMENTO EM MADEIRA PARAJU|M
08.02.09|RIPA 4,0 X 1,5CM, PARA ENGRADAMENTO EM MADEIRA PARAJU|M
08.07.01|COBERTURA EM TELHA CERÂMICA FRANCESA|M2
08.07.02|COBERTURA EM TELHA CERÂMICA COLONIAL PLANA|M2
08.07.03|COBERTURA EM TELHA CERÂMICA COLONIAL CURVA|M2
08.09.05|COBERTURA EM TELHA FIBROCIMENTO ONDULADA E= 5,00MM|M2
08.09.06|COBERTURA EM TELHA FIBROCIMENTO ONDULADA E= 6,00MM|M2
08.09.08|COBERTURA EM TELHA FIBROCIMENTO ONDULADA E= 8,00MM|M2
08.12.40|COBERTURA EM TELHA METÁLICA GALVANIZADA TRAPEZOIDAL E= 0,50MM, SIMPLES|M2
08.15.01|CUMEEIRA DE CERÂMICA|M
08.15.06|CUMEEIRA ONDULADA DE FIBROCIMENTO|M
08.15.40|CUMEEIRA METALICA GALVANIZADA TRAPEZOIDAL E= 0,50MM (SIMPLES) ADP REF 100326|M
08.20.01|FORRO DE MADEIRA EM ANGELIN|M2
08.20.02|FORRO DE MADEIRA EM PINUS|M2
08.22.01|FORRO DE GESSO LISO EM PLACAS 60 X 60CM, EXCLUSIVE TABICA|M2
08.22.05|FORRO DE GESSO EM PLACAS ACARTONADAS, EXCLUSIVE TABICA|M2
08.25.01|FORRO EM PVC LARGURA 20,0 CM COR BRANCA|M2
08.85.21|CALHA DE CHAPA GALVANIZADA Nº 22 GSG, DESENVOLVIMENTO= 33CM|M
08.85.23|CALHA DE CHAPA GALVANIZADA Nº 22 GSG, DESENVOLVIMENTO= 50CM|M
08.85.25|CALHA DE CHAPA GALVANIZADA Nº 22 GSG, DESENVOLVIMENTO= 66CM|M
08.85.27|CALHA DE CHAPA GALVANIZADA Nº 22 GSG, DESENVOLVIMENTO= 75CM|M
08.85.29|CALHA DE CHAPA GALVANIZADA Nº 22 GSG, DESENVOLVIMENTO= 100CM|M
08.85.41|CALHA DE CHAPA GALVANIZADA Nº 24 GSG, DESENVOLVIMENTO= 33CM|M
08.85.43|CALHA DE CHAPA GALVANIZADA Nº 24 GSG, DESENVOLVIMENTO= 50CM|M
08.85.45|CALHA DE CHAPA GALVANIZADA Nº 24 GSG, DESENVOLVIMENTO= 66CM|M
08.85.47|CALHA DE CHAPA GALVANIZADA Nº 24 GSG, DESENVOLVIMENTO= 75CM|M
08.85.49|CALHA DE CHAPA GALVANIZADA Nº 24 GSG, DESENVOLVIMENTO= 100CM|M
08.85.61|CALHA DE CHAPA GALVANIZADA Nº 26 GSG, DESENVOLVIMENTO= 33CM|M
08.85.63|CALHA DE CHAPA GALVANIZADA Nº 26 GSG, DESENVOLVIMENTO= 50CM|M
08.85.65|CALHA DE CHAPA GALVANIZADA Nº 26 GSG, DESENVOLVIMENTO= 66CM|M
08.85.67|CALHA DE CHAPA GALVANIZADA Nº 26 GSG, DESENVOLVIMENTO= 75CM|M
08.85.69|CALHA DE CHAPA GALVANIZADA Nº 26 GSG, DESENVOLVIMENTO= 100CM|M
08.87.41|RUFO / CONTRA-RUFO DE CHAPA GALVANIZADA Nº 24 GSG, DESENVOLVIMENTO= 15CM|M
08.87.43|RUFO / CONTRA-RUFO DE CHAPA GALVANIZADA Nº 24 GSG, DESENVOLVIMENTO= 20CM|M
08.87.45|RUFO / CONTRA-RUFO DE CHAPA GALVANIZADA Nº 24 GSG, DESENVOLVIMENTO= 25CM|M
08.87.47|RUFO / CONTRA-RUFO DE CHAPA GALVANIZADA Nº 24 GSG, DESENVOLVIMENTO= 33CM|M
08.87.61|RUFO / CONTRA-RUFO DE CHAPA GALVANIZADA Nº 26 GSG, DESENVOLVIMENTO= 15CM|M
08.87.63|RUFO / CONTRA-RUFO DE CHAPA GALVANIZADA Nº 26 GSG, DESENVOLVIMENTO= 20CM|M
08.87.65|RUFO / CONTRA-RUFO DE CHAPA GALVANIZADA Nº 26 GSG, DESENVOLVIMENTO= 25CM|M
08.87.67|RUFO / CONTRA-RUFO DE CHAPA GALVANIZADA Nº 26 GSG, DESENVOLVIMENTO= 33CM|M
09.02.02|TRATAMENTO DE JUNTA DE DILATAÇÃO COM TARUGO DE POLIETILENO E SELANTE PU (INCLUSO PREENCHIMENTO COM ESPUMA EXPANSIVA) REF 98575|M
09.02.03|TRATAMENTO DE JUNTA DE DILATAÇÃO COM MANTA ASFÁLTICA ADERIDA COM MAÇARICO REF 98576|M
09.02.04|TRATAMENTO DE JUNTA SERRADA COM TARUGO DE POLIETILENO E SELANTE À BASE DE SILICONE REF 98577|M
09.03.03|REGULARIZAÇÃO DE SUPERFÍCIE COM ARGAMASSA TRAÇO 1:3, E = 3 CM|M2
09.04.02|PROTEÇÃO MECÂNICA DE SUPERFÍCIE HORIZONTAL COM ARGAMASSA DE CIMENTO E AREIA, TRAÇO 1:3, E= 3CM REF 98565|M2
09.04.03|PROTEÇÃO MECÂNICA DE SUPERFÍCIE VERTICAL COM ARGAMASSA DE CIMENTO E AREIA, TRAÇO 1:3, E= 3CM REF 98566|M2
09.07.07|IMPERMEABILIZAÇÃO DE SUPERFÍCIE COM ARGAMASSA DE CIMENTO E AREIA, COM ADITIVO IMPERMEABILIZANTE, E = 1,5 CM REF 98562|M2
09.08.01|IMPERMEABILIZAÇÃO COM MEMBRANA À BASE DE POLIURETANO, 2 DEMÃOS REF 98553|M2
09.08.02|IMPERMEABILIZAÇÃO COM MEMBRANA À BASE DE RESINA ACRÍLICA, 3 DEMÃOS REF 98554|M2
09.08.03|IMPERMEABILIZAÇÃO COM ARGAMASSA POLIMÉRICA, 3 DEMÃOS REF 98555|M2
09.08.04|IMPERMEABILIZAÇÃO COM ARGAMASSA POLIMÉRICA, 4 DEMÃOS, REFORÇADA COM TELA DE POLIÉSTER REF 98556|M2
09.08.05|IMPERMEABILIZAÇÃO COM EMULSÃO ASFÁLTICA, 2 DEMÃOS REF 98557|M2
09.11.01|IMPERMEABILIZAÇÃO COM MANTA ASFÁLTICA, INCLUSIVE APLICAÇÃO DE PRIMER ASFÁLTICO, E = 3 MM REF 98546|M2
09.11.02|IMPERMEABILIZAÇÃO COM MANTA ASFÁLTICA, DUAS CAMADAS, INCLUSIVE APLICAÇÃO DE PRIMER ASFÁLTICO, E = 3 MM E E = 4 MM REF 98547|M2
09.12.01|PINTURA COM TINTA ASFÁLTICA IMPERMEABILIZANTE DILUÍDA EM SOLVENTE, PARA MATERIAIS CIMENTÍCIOS, METAL E MADEIRA|M2
10.03.01|TUBO PVC ÁGUA D= 20MM (1/2"), SOLDÁVEL, CLASSE 15, INCLUSIVE CONEXÕES|M
10.03.02|TUBO PVC ÁGUA D= 25MM (3/4"), SOLDÁVEL, CLASSE 15, INCLUSIVE CONEXÕES|M
10.03.03|TUBO PVC ÁGUA D= 32MM (1"), SOLDÁVEL, CLASSE 15, INCLUSIVE CONEXÕES|M
10.03.04|TUBO PVC ÁGUA D= 40MM (1 1/4"), SOLDÁVEL, CLASSE 15, INCLUSIVE CONEXÕES|M
10.03.05|TUBO PVC ÁGUA D= 50MM (1 1/2"), SOLDÁVEL, CLASSE 15, INCLUSIVE CONEXÕES|M
10.03.06|TUBO PVC ÁGUA D= 60MM (2"), SOLDÁVEL, CLASSE 15, INCLUSIVE CONEXÕES|M
10.03.07|TUBO PVC ÁGUA D= 75MM (2 1/2"), SOLDÁVEL, CLASSE 15, INCLUSIVE CONEXÕES|M
10.03.08|TUBO PVC ÁGUA D= 85MM (3"), SOLDÁVEL, CLASSE 15, INCLUSIVE CONEXÕES|M
10.03.09|TUBO PVC ÁGUA D= 110MM (4"), SOLDÁVEL, CLASSE 15, INCLUSIVE CONEXÕES|M
10.04.03|TUBO AÇO GALVANIZADO, D= 1/2", COM COSTURA, DIN 2440, INCLUSIVE CONEXÕES|M
10.04.04|TUBO AÇO GALVANIZADO, D= 3/4", COM COSTURA, DIN 2440, INCLUSIVE CONEXÕES|M
10.04.05|TUBO AÇO GALVANIZADO, D= 1", COM COSTURA, DIN 2440, INCLUSIVE CONEXÕES|M
10.04.06|TUBO AÇO GALVANIZADO, D= 1 1/4", COM COSTURA, DIN 2440, INCLUSIVE CONEXÕES|M
10.04.07|TUBO AÇO GALVANIZADO, D= 1 1/2", COM COSTURA, DIN 2440, INCLUSIVE CONEXÕES|M
10.04.08|TUBO AÇO GALVANIZADO, D= 2", COM COSTURA, DIN 2440, INCLUSIVE CONEXÕES|M
10.04.09|TUBO AÇO GALVANIZADO, D= 2 1/2", COM COSTURA, DIN 2440, INCLUSIVE CONEXÕES|M
10.04.10|TUBO AÇO GALVANIZADO, D= 3", COM COSTURA, DIN 2440, INCLUSIVE CONEXÕES|M
10.04.11|TUBO AÇO GALVANIZADO, D= 4", COM COSTURA, DIN 2440, INCLUSIVE CONEXÕES|M
10.05.03|TUBO DE COBRE SOLDADO CLASSE A, D= 15MM, INCLUSIVE CONEXÕES|M
10.05.04|TUBO DE COBRE SOLDADO CLASSE A, D= 22MM, INCLUSIVE CONEXÕES|M
10.05.05|TUBO DE COBRE SOLDADO CLASSE A, D= 28MM, INCLUSIVE CONEXÕES|M
10.06.01|TUBO DE COBRE CLASSE E, D= 15MM, INCLUSIVE CONEXÕES|M
10.06.02|TUBO DE COBRE CLASSE E, D= 22MM, INCLUSIVE CONEXÕES|M
10.06.03|TUBO DE COBRE CLASSE E, D= 28MM, INCLUSIVE CONEXÕES|M
10.06.04|TUBO DE COBRE CLASSE E, D= 35MM, INCLUSIVE CONEXÕES|M
10.06.05|TUBO DE COBRE CLASSE E, D= 42MM, INCLUSIVE CONEXÕES|M
10.10.02|TUBO PVC ESGOTO, D= 50MM, PONTA E BOLSA, VIROLA E ANEL, INCLUSIVE CONEXÕES|M
10.10.03|TUBO PVC ESGOTO, D= 75MM, PONTA E BOLSA, VIROLA E ANEL, INCLUSIVE CONEXÕES|M
10.10.04|TUBO PVC ESGOTO, D= 100MM, PONTA E BOLSA, VIROLA E ANEL, INCLUSIVE CONEXÕES|M
10.10.05|TUBO PVC ESGOTO, D= 150MM, PONTA E BOLSA, VIROLA E ANEL, INCLUSIVE CONEXÕES|M
10.10.06|TUBO PVC ESGOTO, D= 200MM, PONTA E BOLSA, VIROLA E ANEL, INCLUSIVE CONEXÕES|M
10.10.07|TUBO PVC ESGOTO, D= 250MM, PONTA E BOLSA, VIROLA E ANEL, INCLUSIVE CONEXÕES|M
10.12.01|TUBO PVC ESGOTO, D= 40MM, PONTA E BOLSA, SOLDÁVEL, INCLUSIVE CONEXÕES|M
10.14.03|TUBO PVC ESGOTO REFORÇADO, D= 75MM, PONTA E BOLSA, VIROLA, ANEL, INCLUSIVE CONEXÕES|M
10.14.04|TUBO PVC ESGOTO REFORÇADO, D= 100MM, PONTA E BOLSA, VIROLA, ANEL, INCLUSIVE CONEXÕES|M
10.14.05|TUBO PVC ESGOTO REFORÇADO, D= 150MM, PONTA E BOLSA, VIROLA, ANEL, INCLUSIVE CONEXÕES|M
10.18.01|ADAPTADOR PVC ROSCA E FLANGE PARA CAIXA D'ÁGUA D= 1/2"|UN
10.18.02|ADAPTADOR PVC ROSCA E FLANGE PARA CAIXA D'ÁGUA D= 3/4"|UN
10.18.03|ADAPTADOR PVC ROSCA E FLANGE PARA CAIXA D'ÁGUA D= 1"|UN
10.18.04|ADAPTADOR PVC ROSCA E FLANGE PARA CAIXA D'ÁGUA D=1 1/4"|UN
10.18.05|ADAPTADOR PVC ROSCA E FLANGE PARA CAIXA D'ÁGUA D=1 1/2"|UN
10.18.06|ADAPTADOR PVC ROSCA E FLANGE PARA CAIXA D'ÁGUA D= 2"|UN
10.18.08|ADAPTADOR PVC ROSCA E FLANGE PARA CAIXA D'ÁGUA D=2 1/2"|UN
10.20.11|REGISTRO PRESSÃO COM ACABAMENTO E CANOPLA CROMADA, SIMPLES, BITOLA 1/2"|UN
10.20.12|REGISTRO PRESSÃO COM ACABAMENTO E CANOPLA CROMADA, SIMPLES, BITOLA 3/4"|UN
10.22.01|REGISTRO GAVETA BRUTO 1510-B 1/2" FABRIMAR/EQUIVALENTE|UN
10.22.02|REGISTRO GAVETA BRUTO 1510-B 3/4" FABRIMAR/EQUIVALENTE|UN
10.22.03|REGISTRO GAVETA BRUTO 1510-B 1" FABRIMAR/EQUIVALENTE|UN
10.22.04|REGISTRO GAVETA BRUTO 1510-B 1 1/4" FABRIMAR/EQUIVALENTE|UN
10.22.05|REGISTRO GAVETA BRUTO 1510-B 1 1/2" FABRIMAR/EQUIVALENTE|UN
10.22.06|REGISTRO GAVETA BRUTO 1510-B 2" FABRIMAR/EQUIVALENTE|UN
10.22.07|REGISTRO GAVETA BRUTO 1502 2 1/2" DECA/EQUIVALENTE|UN
10.22.08|REGISTRO GAVETA BRUTO 1502-B 3" DECA/EQUIVALENTE|UN
10.22.09|REGISTRO GAVETA BRUTO 1502-B 4" DECA/EQUIVALENTE|UN
10.22.41|REGISTRO GAVETA COM ACABAMENTO C-1509-DL D=1/2" FABRIMAR/EQUIVALENTE|UN
10.22.42|REGISTRO GAVETA COM ACABAMENTO C-1509 DL D=3/4 FABRIMAR/EQUIVALENTE|UN
10.22.43|REGISTRO GAVETA COM ACABAMENTO C-1509-DL D=1" FABRIMAR/EQUIVALENTE|UN
10.22.45|REGISTRO GAVETA COM ACABAMENTO C-1509-DL D=1 1/2" FABRIMAR/EQUIVALENTE|UN
10.24.01|TORNEIRA PARA PIA BANCADA, ALAVANCA, SAÍDA LATERAL 1167-P FABRIMAR/EQUIVALENTE|UN
10.24.02|TORNEIRA PARA PIA MISTURADOR PAREDE 1258-DL FABRIMAR/EQUIVALENTE|UN
10.24.03|TORNEIRA PARA PIA COM ALAVANCA 1157-P FABRIMAR/EQUIVALENTE|UN
10.24.04|TORNEIRA PARA PIA MISTURADOR BANCADA 1256-DL FABRIMAR/EQUIVALENTE|UN
10.24.05|TORNEIRA PARA PIA PAREDE SAÍDA LATERAL 1168-DL FABRIMAR/EQUIVALENTE|UN
10.24.09|TORNEIRA PARA PIA BANCADA SAÍDA LATERAL 1167-DL FABRIMAR/EQUIVALENTE|UN
10.24.10|TORNEIRA PARA PIA PAREDE TOP JET 1171-DL FABRIMAR/EQUIVALENTE|UN
10.24.12|TORNEIRA PARA TANQUE 1153-MY FABRIMAR/EQUIVALENTE|UN
10.24.13|TORNEIRA PARA TANQUE 1153-JR FABRIMAR/EQUIVALENTE|UN
10.24.14|TORNEIRA AQUAPRESS ANTIVANDALISMO 1180/AV FABRIMAR/EQUIVALENTE|UN
10.24.16|TORNEIRA DE JARDIM 1128-MY D=1/2" FABRIMAR/EQUIVALENTE|UN
10.24.17|TORNEIRA DE JARDIM 1128-MY D=3/4" FABRIMAR/EQUIVALENTE|UN
10.24.20|TORNEIRA DE PRESSÃO PRESMATIC BENEFIT/EQUIVALENTE|UN
10.24.21|TONEIRA PARA LAVATÓRIO REF 1193 LINHA PERTUTTI DOCOL/EQUIVALENTE|UN
10.24.27|TORNEIRA PARA LAVATÓRIO 1190-DL, D=1/2" FABRIMAR/EQUIVALENTE|UN
10.24.28|TORNEIRA PARA LAVATÓRIO REF 1194 INNOVARE FABRIMAR/EQUIVALENTE|UN
10.24.34|TORNEIRA DE BÓIA 1350 D= 1/2" DECA/EQUIVALENTE|UN
10.24.35|TORNEIRA DE BÓIA 1350 D= 3/4" DECA/EQUIVALENTE|UN
10.24.36|TORNEIRA DE BÓIA 1350 D= 1" DECA/EQUIVALENTE|UN
10.24.37|TORNEIRA DE BÓIA 262 PARA CAIXA D´AGUA D= 3/4" CIPLA/EQUIVALENTE|UN
10.24.39|CHAVE BÓIA AUTOMÁTICA PARA RESERVATÓRIO LENZ/EQUIVALENTE|UN
10.24.42|TORNEIRA DE LIMPEZA 1128-JR D=1/2" FABRIMAR OU EQUIVALENTE|UN
10.24.43|TORNEIRA PARA BEBEDOURO 1152JR D=1/2"|UN
10.24.52|TORNEIRA DE PAREDE DELICATTA COM MISTURADOR DOCOL/EQUIVALENTE|UN
10.24.57|TORNEIRA PARA COZINHA DE MESA BICA ALTA PERTUTTI/EQUIVALENTE|UN
10.25.02|VÁLVULA PARA PIA 3 1/2X1 1/2" 1623 DARLIFLEX CROMADA/EQUIVALENTE|UN
10.25.11|VÁLVULA PARA LAVATÓRIO COM LADRÃO 7/8" 1603 DARLIFLEX/EQUIVALENTE|UN
10.25.13|VÁLVULA PARA LAVATÓRIO 1601 FABRIMAR/EQUIVALENTE|UN
10.25.17|VÁLVULA PARA TANQUE 1 1/4" 1606 DARLIFLEX CROMADA/EQUIVALENTE|UN
10.25.20|VÁLVULA PARA MICTÓRIO COM FECHAMENTO AUTOMÁTICO D= 1/2" DOCOL/EQUIVALENTE|UN
10.25.22|VÁVULA DE DESCARGA E ACABAMENTO BENEFIT DOCOL PMR (PESSOA COM MOBILIDADE REDUZIDA)/EQUIVALENTE|UN
10.25.25|VÁLVULA DE DESCARGA 3650 D= 1 1/2" FABRIMAR/EQUIVALENTE|UN
10.25.26|VÁLVULA DE DESCARGA E ACABAMENTO ANTIVANDALISMO 1 1/2" DOCOL/EQUIVALENTE|UN
10.25.51|VÁLVULA DE PVC PARA LAVATÓRIO SEM UNHO Nº 11, CIPLA/EQUIVALENTE|UN
10.25.55|VÁLVULA DE RETENÇÃO DE PÉ COM CRIVO D= 3/4"|UN
10.25.56|VÁLVULA DE RETENÇÃO DE PÉ COM CRIVO D= 1"|UN
10.25.57|VÁLVULA DE RETENÇÃO DE PÉ COM CRIVO D= 1 1/2"|UN
10.25.59|VÁLVULA DE RETENÇÃO DE PÉ COM CRIVO D= 2"|UN
10.25.60|VÁLVULA DE RETENÇÃO UNIVERSAL D= 3/4"|UN
10.25.61|VÁLVULA DE RETENÇÃO UNIVERSAL D= 1"|UN
10.25.62|VÁLVULA DE RETENÇÃO UNIVERSAL D= 1 1/2"|UN
10.25.63|VÁLVULA DE RETENÇÃO UNIVERSAL D= 2"|UN
10.26.11|GRELHA/PORTA GRELHA AÇO INOX FECHO GIRATÓRIO 100X100MM|UN
10.26.12|GRELHA/PORTA GRELHA AÇO INOX FECHO GIRATÓRIO 150X150MM|UN
10.26.35|RALO GRELHA CROMADA 10X10CM CROMADO MOLDENOX /EQUIVALENTE|UN
10.26.36|RALO GRELHA CROMADA 15X15CM CROMADO MOLDENOX /EQUIVALENTE|UN
10.26.37|TAMPA CEGA EM INOX PARA CAIXA SIFONADA 150 X 150MM|UN
10.27.02|BRAÇO PARA CHUVEIRO 1/2" X 40 CM CROMADO|UN
10.27.03|BRAÇO PARA CHUVEIRO PVC 1/2" 40 CM|UN
10.27.11|CHUVEIRO ARTICULADO PICCOLO 1991 CROMADO FABRIMAR OU EQUIVALENTE|UN
10.27.15|CHUVEIRO LORENZETTI TRADIÇÃO CROMADO/EQUIVALENTE|UN
10.27.23|DUCHA HIGIÊNICA PLÁSTICA COM REGISTRO METÁLICO 1/2"|UN
10.27.31|LIGAÇÃO FLEXÍVEL 1/2"X0,40M 4607-40 MXF FABRIMAR/EQUIVALENTE|UN
10.27.47|TUBO PARA VÁLVULA DE DESCARGA Nº 18 COM ADAPTADOR D= 1 1/2"|UN
10.27.49|TUBO LONGO PARA CAIXA DE DESCARGA SOBREPOR 40 MM X 1,60 METROS|UN
10.27.51|TUBO LIGAÇÃO ÁGUA - VASO METAL CROMADO COM SOBRECANOPLA|UN
10.27.53|TUBO LIGAÇÃO AGUA - VASO PVC CROMADO COM SOBRECANOPLA|UN
10.27.55|BOLSA DE LIGAÇÃO EM PVC FLEXÍVEL PARA VASO SANITÁRIO 40MM (1 1/2")|UN
10.27.61|SIFÃO LAVATÓRIO COPO REGULÁVEL 1"X 1 1/2" SIGMA/EQUIVALENTE|UN
10.27.63|SIFÃO PIA COPO REGULÁVEL 1 1/2" X 1 1/2" SIGMA/EQUIVALENTE|UN
10.29.01|KIT CAVALETE METAL COM REGISTRO 1/2" COPASA|UN
10.29.02|KIT CAVALETE METAL COM REGISTRO 3/4" COPASA|UN
10.29.03|KIT CAVALETE METAL COM REGISTRO 1" COPASA|UN
10.30.01|PARAFUSO CASTELO COM BUCHA N.8 E ARRUELA|UN
10.35.01|CAIXA ALVENARIA 30 X 30 X 50CM COM TAMPA FERRO PARA REGISTRO (C X L X H)|UN
10.35.03|CAIXA ALVENARIA 50 X 50 X 50CM PARA HIDROMETRO COM TAMPA (C X L X H)|UN
10.35.11|CAIXA SIFONADA PVC COM GRELHA QUADRADA/REDONDA 150 X 150 X 50MM (DIÂMETRO X H X DIÂMETRO SAÍDA)|UN
10.35.13|CAIXA SIFONADA PVC COM GRELHA QUADRADA/REDONDA 150 X 185 X 75MM (DIÂMETRO X H X DIÂMETRO SAÍDA)|UN
10.35.15|CAIXA SIFONADA PVC COM GRELHA REDONDA 100 X 100 X 50MM (DIÂMETRO X H X DIÂMETRO SAÍDA)|UN
10.35.20|CAIXA SIFONADA PVC COM TAMPA CEGA 250 X 172 X 50MM (DIÂMETRO X H X DIÂMETRO SAÍDA)|UN
10.35.21|CAIXA SIFONADA PVC COM TAMPA CEGA 250 X 230 X 75MM (DIÂMETRO X H X DIÂMETRO SAÍDA)|UN
10.35.22|CAIXA SIFONADA PVC 100 X 150 X 50MM (DIÂMETRO X H X DIÂMETRO SAÍDA)|UN
10.35.31|RALO PVC COM SAÍDA ARTICULADA COM GRELHA E PORTA GRELHA BRANCA 100 X 40MM|UN
10.35.33|RALO SECO PVC SAÍDA SOLDÁVEL 100 X 40MM|UN
10.35.50|CAIXA D'ÁGUA POLIETILENO COM TAMPA 310L|UN
10.35.51|CAIXA D'ÁGUA POLIETILENO COM TAMPA 500L|UN
10.35.52|CAIXA D'ÁGUA POLIETILENO COM TAMPA 1000L|UN
10.35.69|CAIXA DE GORDURA PRÉ-FABRICADA SIMPLES D= 400MM X 635MM|UN
10.35.70|CAIXA DE GORDURA PRÉ-FABRICADA DUPLA D= 600MM X 800MM|UN
10.35.71|CAIXA D'ÁGUA EM FIBRA DE VIDRO COM TAMPA 8000L|UN
10.35.72|RALO HEMISFÉRICO TIPO ABACAXI D= 50MM|UN
10.35.73|RALO HEMISFÉRICO TIPO ABACAXI D= 75MM|UN
10.35.74|RALO HEMISFÉRICO TIPO ABACAXI D= 100MM|UN
10.40.01|CUBA DE EMBUTIR OVAL (49 X 32,5 CM),CELITE/EQUIVALENTE|UN
10.40.02|CUBA EMBUTIR OVAL (49X32,5CM) CELITE/EQUIVALENTE. COMPLETO|UN
10.40.04|LAVATÓRIO SUSPENSO (41 X 29,5CM) AZALEA CELITE/EQUIVALENTE|UN
10.40.05|LAVATÓRIO SUSPENSO (41 X 29,5CM) AZALEA CELITE/EQUIVALENTE COMPLETO|UN
10.40.06|LAVATÓRIO SUSPENSO (46,5 X 34CM) GUARAPARI LOGASA/EQUIVALENTE|UN
10.40.07|LAVATÓRIO SUSPENSO (46,5 X 34CM) GUARAPARI LOGASA/EQUIVALENTE COMPLETO|UN
10.40.08|LAVATÓRIO DE PAREDE CELITE 02007 LINHA SAVEIRO/EQUIVALENTE|UN
10.40.09|CUBA DE SOBREPOR OVAL (52X44,5 CM) CELITE /EQUIVALENTE|UN
10.40.10|CUBA SOBREPOR OVAL(52X44,5 CM) CELITE/EQUIVALENTE COMPLETO|UN
10.40.11|LAVATÓRIO CANTO COR BRANCA L76 MASTER DECA/EQUIVALENTE COMPLETO|CJ
10.40.12|LAVATÓRIO COM COLUNA SUSPENSA LINHA FIT-CELITE/EQUIVALENTE COMPLETO|CJ
10.40.26|LAVATÓRIO COM COLUNA SUSPENSA VOGUE PLUS L51-CS117 DECA/EQUIVALENTE|UN
10.40.27|LAVATÓRIO PEQUENO BRANCO GELO L915 RAVENA/EQUIVALENTE|UN
10.40.54|LAVATÓRIO CANTO LINHA IZY BRANCO REF 101 DECA/EQUIVALENTE|UN
10.41.01|VASO SANITÁRIO CONVENCIONAL BRANCO, AZALEA CELITE/EQUIVALENTE|UN
10.41.02|VASO SANITÁRIO CONVENCIONAL BRANCO, AZALEA CELITE/EQUIVALENTE COMPLETO|UN
10.41.03|VASO SANITÁRIO, CONJUNTO ACOPLADO BRANCO, AZALEA CELITE/EQUIVALENTE|UN
10.41.04|VASO SANITÁRIO, CONJUNTO ACOPLADO BRANCO, AZALEA CELITE/EQUIVALENTE COMPLETO|UN
10.41.05|VASO SANITÁRIO INFANTIL BRANCO, CELITE/EQUIVALENTE|UN
10.41.06|VASO SANITÁRIO INFANTIL BRANCO, CELITE/EQUIVALENTE COMPLETO|UN
10.41.07|VASO SANITÁRIO ESPECIAL DECA P510 SEM ABERTURA E ASSENTO OU EQUIVALENTE|UN
10.41.09|ASSENTO SANITÁRIO TONDO VOGUE PLUS/EQUIVALENTE|UN
10.41.11|CAIXA DE DESCARGA EXTERNA ALTA 6 A 9 LITROS|UN
10.43.01|MICTÓRIO SIFONADO-LOUÇA BRANCA CELITE/EQUIVALENTE|UN
10.43.02|MICTÓRIO SIFONADO-LOUÇA BRANCA CELITE/EQUIVALENTE COMPLETO|UN
10.43.03|MICTÓRIO EM AÇO INOX CHAPA 22, DESENVOLVIMENTO= 1,0M|M
10.43.05|MICTÓRIO EM AÇO INOX CHAPA 22, DESENVOLVIMENTO= 1,4M|UN
10.45.03|CUBA EM AÇO INOX Nº1 (46 X 30 X 15CM) COM VÁLVULA E SIFÃO|UN
10.45.04|CUBA EM AÇO INOX Nº2 (56 X 33 X 15CM) COM VÁLVULA E SIFÃO|UN
10.46.03|TANQUE EM LOUÇA BRANCA (22LTS) COM COLUNA CELITE/EQUIVALENTE|UN
10.46.04|TANQUE EM LOUÇA BRANCA (22LTS) COM COLUNA CELITE/EQUIVALENTE COMPLETO|UN
10.46.05|TANQUE DE AÇO INOX COM 1 BOJO 63 X 51CM|UN
10.46.10|TANQUE EM ALVENARIA, REVESTIDA AZULEJO BRANCO|UN
10.47.03|BEBEDOURO UNITÁRIO INOX PARA 80 PESSOAS H=1,0 METRO|UN
10.47.07|BEBEDOURO INDUSTRIAL 50L|UN
10.47.08|BEBEDOURO CONJUGADO INOX H= 1,00M/1,12M ATENDE 40 PESSOAS|UN
10.47.09|BEBEDOURO EMPRESARIAL BDF300 IBBL/EQUIVALENTE -300 PESSOAS|UN
10.47.11|FILTRO AP-200 CURTO AQUALAR OU SIMILAR|UN
10.47.25|BEBEDOURO ACESSIVEL PARA ESPAÇOS PÚBLICOS, DUAS BICAS, PINTURA EPÓXI|UN
10.47.26|BEBEDOURO ACESSIVEL PARA ESPAÇOS PÚBLICOS, DUAS BICAS, REVESTIMENTO EM GRANITO|UN
10.48.01|PAPELEIRA LOUÇA BRANCA 602 CELITE/EQUIVALENTE|UN
10.48.02|PORTA TOALHA DE PAPEL CROMADO NOVOMOY/EQUIVALENTE|UN
10.48.03|PAPELEIRA EM GANCHO CROMADO|UN
10.48.05|SABONETEIRA LOUÇA BRANCA REF.604 CELITE/EQUIVALENTE|UN
10.48.07|MEIA-SABONETEIRA LOUÇA BRANCA REF.608 CELITE/EQUIVALENTE|UN
10.48.09|PORTA SABÃO LÍQUIDO REF SG4001 COLUMBUS/EQUIVALENTE|UN
10.48.10|CABIDE LOUÇA BRANCA 2 GANCHOS REF.610 CELITE/EQUIVALENTE|UN
10.48.12|CABIDE EM TUBO AÇO GALVANIZADO D= 1/2" FIXADO EM ALVENARIA|UN
10.48.13|CABIDE/GANCHO DE BANHEIRO SIMPLES EM METAL CROMADO|UN
10.48.15|ASSENTO BRANCO PARA VASO|UN
10.48.17|ASSENTO PLÁSTICO BRANCO PARA VASO, MACIO CIPLA/EQUIVALENTE|UN
10.48.28|BANCO ARTICULADO EM INOX 70X45CM|UN
10.48.29|BANCO ARTICULADO 70 X 45CM FÓRMICA SÓLIDA|UN
10.48.30|JOGO MANGUEIRA SUPER FLEXÍVEL ROLO 15M|UN
10.48.40|TERMINAL DE VENTILAÇÃO PVC D= 50MM|UN
10.48.42|TERMINAL DE VENTILAÇÃO PVC D= 75 MM|UN
10.50.02|TUBO DE AÇO PRETO SCH-40 SEM COSTURA D= 1/2"|M
10.50.03|TUBO DE AÇO PRETO SCH-40 SEM COSTURA D= 3/4"|M
10.50.12|REGISTRO DE GÁS D= 1/2"|UN
10.50.13|REGISTRO PARA GÁS D= 1/2" NPT X 3/8" BM|UN
10.50.15|BICO DE BUSEN|UN
10.50.20|VALVULA DE ESFERA EM LATAO D= 1/2" NPT|UN
10.50.21|VÁLVULA REGISTRO GÁS COM TE REVERSÍVEL PARA 2 BOTIJÕES|UN
10.50.40|MANGUEIRA PLÁSTICA PARA GÁS D= 3/8" X 1,20 M|UN
10.71.01|CAIXA DE PASSAGEM/INSPEÇÃO PRÉ-FABRICADA CONCRETO 0,3 X 0,3 X 0,3 (C X L X H) DRENAGEM ADP REF 97895|UN
10.71.03|CAIXA DE PASSAGEM/INSPEÇÃO PRÉ-FABRICADA CONCRETO 0,3 X 0,3 X 0,3 (C X L X H) DRENAGEM COM GRELHA DE AÇO|UN
10.71.06|CAIXA DE PASSAGEM/INSPEÇÃO PRÉ-FABRICADA CONCRETO 0,4 X 0,4 X 0,4 (C X L X H) DRENAGEM ADP REF 97896|UN
10.71.08|CAIXA DE PASSAGEM/INSPEÇÃO PRÉ-FABRICADA CONCRETO 0,4 X 0,4 X 0,4 (C X L X H) DRENAGEM COM GRELHA DE AÇO|UN
10.71.11|CAIXA DE PASSAGEM/INSPEÇÃO PRÉ-FABRICADA CONCRETO 0,6 X 0,6 X 0,5 (C X L X H) DRENAGEM/ESGOTO ADP REF 97897|UN
10.71.13|CAIXA DE PASSAGEM/INSPEÇÃO PRÉ-FABRICADA CONCRETO 0,6 X 0,6 X 0,5 (C X L X H) DRENAGEM COM GRELHA DE AÇO|UN
10.71.16|CAIXA DE PASSAGEM/INSPEÇÃO PRÉ-FABRICADA CONCRETO 0,8 X 0,8 X 0,5 (C X L X H) DRENAGEM/ESGOTO ADP REF 97898|UN
10.71.18|CAIXA DE PASSAGEM/INSPEÇÃO PRÉ-FABRICADA CONCRETO 0,8 X 0,8 X 0,5 (C X L X H) DRENAGEM COM GRELHA DE AÇO|UN
10.71.21|CAIXA DE PASSAGEM/INSPEÇÃO PRÉ-FAB CONCRETO 1,0 X 1,0 X 0,5 (C X L X H) DRENAGEM/ESGOTO ADP REF 97899|UN
10.71.23|CAIXA DE PASSAGEM/INSPEÇÃO PRÉ-FABRICADA CONCRETO 1,0 X 1,0 X 0,5 (C X L X H) DRENAGEM COM GRELHA DE AÇO|UN
10.71.26|CAIXA DE PASSAGEM/INSPEÇÃO TIJOLO MACIÇO 0,3X0,3X0,3 (CXLXH) DRENAGEM ADPT REF 97900|UN
10.71.27|ALTEAMENTO PARA CAIXA DE PASSAGEM/INSPEÇÃO TIJOLO MACIÇO 0,3X0,3 (CXL)|M
10.71.28|CAIXA DE PASSAGEM/INSPEÇÃO TIJOLO MACIÇO 0,3 X 0,3 X 0,3 (C X L X H) DRENAGEM COM GRELHA DE AÇO|UN
10.71.31|CAIXA DE PASSAGEM/INSPEÇÃO TIJOLO MACIÇO 0,4X0,4X0,4 (CXLXH) DRENAGEM ADPT REF 97901|UN
10.71.32|ALTEAMENTO PARA CAIXA DE PASSAGEM/INSPEÇÃO TIJOLO MACIÇO 0,4X0,4 (CXL)|M
10.71.33|CAIXA DE PASSAGEM/INSPEÇÃO TIJOLO MACIÇO 0,4 X 0,4 X 0,4 (C X L X H) DRENAGEM COM GRELHA DE AÇO|UN
10.71.36|CAIXA DE PASSAGEM/INSPEÇÃO TIJOLO MACIÇO 0,6 X 0,6 X 0,6 (C X L X H) DRENAGEM/ESGOTO ADP REF 97902|UN
10.71.37|ALTEAMENTO PARA CAIXA DE PASSAGEM/INSPEÇÃO TIJOLO MACIÇO 0,6X0,6 (CXL)|M
10.71.38|CAIXA PASSAGEM/INSPEÇÃO TIJOLO MACIÇO 0,6 X 0,6 X 0,6 (C X L X H) DRENAGEM COM GRELHA DE AÇO|UN
10.71.41|CAIXA DE PASSAGEM/INSPEÇÃO TIJOLO MACIÇO 0,8 X 0,8 X 0,6 (C X L X H) DRENAGEM/ESGOTO ADP REF 97903|UN
10.71.42|ALTEAMENTO PARA CAIXA DE PASSAGEM/INSPEÇÃO TIJOLO MACIÇO 0,8X0,8 (CXL)|M
10.71.43|CAIXA PASSAGEM/INSPEÇÃO TIJOLO MACIÇO 0,8 X 0,8 X 0,6 (C X L X H) DRENAGEM COM GRELHA DE AÇO|UN
10.71.46|CAIXA DE PASSAGEM/INSPEÇÃO TIJOLO MACIÇO 1,0 X 1,0 X 0,6 (C X L X H) DRENAGEM/ESGOTO ADP REF 97904|UN
10.71.47|ALTEAMENTO PARA CAIXA DE PASSAGEM/INSPEÇÃO TIJOLO MACIÇO 1,0X1,0 (CXL)|M
10.71.48|CAIXA PASSAGEM/INSPEÇÃO TIJOLO MACIÇO 1,0 X 1,0 X 0,6 (C X L X H) DRENAGEM COM GRELHA DE AÇO|UN
10.71.51|CAIXA DE PASSAGEM/INSPEÇÃO BLOCO DE CONCRETO 0,4X0,4X0,4 (CXLXH) DRENAGEM ADPT REF 97905|UN
10.71.52|ALTEAMENTO PARA CAIXA DE PASSAGEM/INSPEÇÃO BLOCO DE CONCRETO 0,4X0,4 (CXL)|M
10.71.53|CAIXA DE PASSAGEM INSPEÇÃO BLOCO DE CONCRETO 0,4 X 0,4 X 0,4 M (C X L X H) GRELHA DE AÇO ADP REF 97905|UN
10.71.56|CAIXA DE PASSAGEM/INSPEÇÃO BLOCO DE CONCRETO 0,6 X 0,6 X 0,6 (C X L X H) DRENAGEM/ESGOTO ADP REF 97906|UN
10.71.57|ALTEAMENTO PARA CAIXA DE PASSAGEM/INSPEÇÃO BLOCO DE CONCRETO 0,6X0,6 (CXL)|M
10.71.58|CAIXA DE PASSAGEM/INSPEÇÃO BLOCO DE CONCRETO 0,6 X 0,6 X 0,6 M (C X L X H) GRELHA DE AÇO ADP REF 97906|UN
10.71.61|CAIXA DE PASSAGEM/INSPEÇÃO BLOCO DE CONCRETO 0,8 X 0,8 X 0,6 (C X L X H) DRENAGEM/ESGOTO ADP REF 97907|UN
10.71.62|ALTEAMENTO PARA CAIXA DE PASSAGEM/INSPEÇÃO BLOCO DE CONCRETO 0,8X0,8 (CXL)|M
10.71.63|CAIXA DE PASSAGEM INSPEÇÃO BLOCO DE CONCRETO 0,8 X 0,8 X 0,6 M (C X L X H) GRELHA DE AÇO ADP REF 97907|UN
10.71.66|CAIXA DE PASSAGEM/INSPEÇÃO BLOCO DE CONCRETO 1,0 X 1,0 X 0,6 (C X L X H) DRENAGEM/ESGOTO ADP REF 97908|UN
10.71.67|ALTEAMENTO PARA CAIXA DE PASSAGEM/INSPEÇÃO BLOCO DE CONCRETO 1,0X1,0 (CXL)|M
10.71.68|CAIXA DE PASSAGEM INSPEÇÃO BLOCO DE CONCRETO 1,0 X 1,0 X 0,6 M (C X L X H) GRELHA DE AÇO ADP REF 97908|UN
10.74.01|CAIXA SIFONADA DE ALVENARIA COM TAMPA CONCRETO TIPO 1 - 60 X 40 X 60 CM (C X L X H)|UN
10.74.02|CAIXA SIFONADA DE ALVENARIA COM TAMPA CONCRETO TIPO 1 - 60 X 40 X 80 CM (C X L X H)|UN
10.74.03|CAIXA SIFONADA DE ALVENARIA COM TAMPA CONCRETO TIPO 1 - 80 X 40 X 60 CM (C X L X H)|UN
10.74.04|CAIXA SIFONADA DE ALVENARIA COM TAMPA CONCRETO TIPO 1 - 80 X 40 X 80 CM (C X L X H)|UN
10.74.05|CAIXA SIFONADA DE ALVENARIA COM TAMPA CONCRETO TIPO 1 - 100 X 40 X 60 CM (C X L X H)|UN
10.74.06|CAIXA SIFONADA DE ALVENARIA COM TAMPA CONCRETO TIPO 1 - 100 X 40 X 80 CM (C X L X H)|UN
10.78.01|CONJUNTO QUADRO E REQUADRO CANTONEIRA 2" E 1 3/4"|M
10.79.01|PLACA FERRO FUNDIDO PARA IDENTIFICAR A CAIXA DE PASSAGEM|UN
10.80.01|BOMBA CENTRÍFUGA DE SUCÇÃO E RECALQUE 1/2 HP D= 2"|UN
10.80.02|BOMBA CENTRÍFUGA DE SUCÇÃO E RECALQUE 1/2 HP D= 3"|UN
10.80.11|MOTO-BOMBA 0,5CV Vm=5M3/H,SUC=1 1/2"/R=1 1/2",TRIF|UN
10.80.12|MOTO-BOMBA 1HP,SUC=1 1/2"/R=1 1/4",Vm=5M3/H,HM=16M|UN
10.90.01|EXTINTOR DE INCÊNDIO CO2, CAPACIDADE = 6L|UN
10.90.02|EXTINTOR DE INCÊNDIO ÁGUA PRESSURIZADA CAPACIDADE= 10L|UN
10.90.03|EXTINTOR DE INCÊNDIO TIPO PÓ QUÍMICO - 6KG|UN
10.90.04|EXTINTOR PÓ QUÍMICO SECO ABC 4KG CAP.2-A: 20-B: C|UN
10.90.05|EXTINTOR PÓ QUÍMICO SECO BC 20B:C|UN
10.90.14|REGISTRO GAVETA BRUTO 1502-B 2 1/2" DECA OU EQUIVALENTE|UN
10.90.15|REGISTRO GLOBO D=13MM (1/2")|UN
10.90.16|REGISTRO GLOBO D=25MM (1")|UN
10.90.17|REGISTRO GLOBO ANGULAR D= 63MM PARA HIDRANTE|UN
10.90.18|ADAPTADOR DE ROSCA 5 FIOS, D= 63 X 38 MM|UN
10.90.19|ESGUICHO TIPO AGULHETA, JUNTA DE UNIÃO D= 38MM|UN
10.90.20|ABRIGO PARA EXTINTOR INCÊNDIO CH18 60 X 40 X 30CM|UN
10.90.22|ABRIGO PARA HIDRANTE INTERNO 75X45X17 CM|UN
10.90.23|ABRIGO PARA HIDRANTE INTERNO 90X60X17 CM|UN
10.90.24|SINALIZADOR PARA EXTINTOR DE INCÊNDIO EM PVC|UN
10.90.25|HIDRANTE DE RECALQUE COMPLETO EM CAIXA ALVENARIA|UN
10.90.26|CHAVE STORZ EM ALUMÍNIO 1 1/2"|UN
10.90.28|MANGUEIRA FIBRA SINTÉTICA TIPO 2 D= 38MM X 15M|UN
10.90.29|MANGUEIRA FIBRA SINTÉTICA TIPO 2 D= 38MM X 20M|UN
10.90.32|PRESSOSTATO TELEMECANIQUE XML B004, A2511|UN
10.90.35|MANÔMETRO WILLY COM ESCALA DE LEITURA 0 A 100 PSI|UN
10.90.38|CILINDRO DE PRESSÃO OU MOLA PNEUMÁTICA D= 150MM|UN
10.90.41|QUADRO DE FORÇA PARA MOTOR DE 1,5CV, 220V, TRIFÁSICO|UN
10.90.44|CONJUNTO ELETROBOMBA LEVE 1,5CV, 220V, TRIFÁSICO|UN
10.90.48|LUMINÁRIA DE EMERGÊNCIA AUTÔNOMA IE-16 (LAMP 8W) - SAÍDA|UN
10.90.52|VÁLVULA DE RETENÇÃO HORIZONTAL PORTINHOLA D= 13MM|UN
10.90.57|VÁLVULA DE RETENÇÃO HORIZONTAL PORTINHOLA D= 63MM|UN
10.90.77|QUADRO DE FORÇA PARA MOTOR DE 3CV, 220V TRIFÁSICO|UN
10.90.78|CONJUNTO ELETROBOMBA LEVE 3CV, 220V TRIFÁSICO|UN
10.90.86|BOTOEIRA COMANDO MANUAL TIPO LIGA/DESLIGA|UN
10.90.87|AVISADOR SONORO E VISUAL|UN
11.06.01|ELETRODUTO CORRUGADO DE PVC NORMAL, DN 20MM (1/2"), INSTALADO EM FORRO REF 91831|M
11.06.02|ELETRODUTO CORRUGADO DE PVC NORMAL, DN 25MM (3/4"), INSTALADO EM FORRO REF 91834|M
11.06.03|ELETRODUTO CORRUGADO DE PVC NORMAL, DN 32MM (1"), INSTALADO EM FORRO REF 91836|M
11.06.04|ELETRODUTO CORRUGADO DE PVC REFORÇADO, DN 20MM (1/2"), INSTALADO EM FORRO REF 91833|M
11.06.05|ELETRODUTO CORRUGADO DE PVC REFORÇADO, DN 25MM (3/4"), INSTALADO EM FORRO REF 91835|M
11.06.06|ELETRODUTO CORRUGADO DE PVC REFORÇADO, DN 32MM (1"), INSTALADO EM FORRO REF 91837|M
11.06.07|ELETRODUTO CORRUGADO PEAD, DN 32MM (1"), INSTALADO EM FORRO REF 91838|M
11.06.08|ELETRODUTO CORRUGADO PEAD, DN 40MM (1 1/4"), INSTALADO EM FORRO REF 91840|M
11.06.09|ELETRODUTO RÍGIDO ROSCÁVEL, PVC, DN 20MM (1/2"), INSTALADO EM FORRO, INCLUSIVE CONEXÕES ADP REF 91862|M
11.06.10|ELETRODUTO RÍGIDO ROSCÁVEL, PVC, DN 25MM (3/4"), INSTALADO EM FORRO, INCLUSIVE CONEXÕES ADP REF 91863|M
11.06.11|ELETRODUTO RÍGIDO ROSCÁVEL, PVC, DN 32MM (1"), INSTALADO EM FORRO, INCLUSIVE CONEXÕES ADP REF 91864|M
11.06.12|ELETRODUTO RÍGIDO ROSCÁVEL, PVC, DN 40MM (1 1/4"), INSTALADO EM FORRO, INCLUSIVE CONEXÕES ADP REF 91865|M
11.06.13|ELETRODUTO CORRUGADO DE PVC NORMAL, DN 20MM (1/2"), INSTALADO EM LAJE REF 91842|M
11.06.14|ELETRODUTO CORRUGADO DE PVC NORMAL, DN 25MM (3/4"), INSTALADO EM LAJE REF 91844|M
11.06.15|ELETRODUTO CORRUGADO DE PVC NORMAL, DN 32MM (1"), INSTALADO EM LAJE REF 91846|M
11.06.16|ELETRODUTO CORRUGADO DE PVC REFORÇADO, DN 20MM (1/2"), INSTALADO EM LAJE REF 91843|M
11.06.17|ELETRODUTO CORRUGADO DE PVC REFORÇADO, DN 25MM (3/4"), INSTALADO EM LAJE REF 91845|M
11.06.18|ELETRODUTO CORRUGADO DE PVC REFORÇADO, DN 32MM (1"), INSTALADO EM LAJE REF 91847|M
11.06.19|ELETRODUTO CORRUGADO PEAD, DN 32MM (1"), INSTALADO EM LAJE REF 91848|M
11.06.20|ELETRODUTO CORRUGADO PEAD, DN 40MM (1 1/4"), INSTALADO EM LAJE REF 91850|M
11.06.21|ELETRODUTO RÍGIDO ROSCÁVEL, PVC, DN 20MM (1/2"), INSTALADO EM LAJE, INCLUSIVE CONEXÕES ADP REF 91866|M
11.06.22|ELETRODUTO RÍGIDO ROSCÁVEL, PVC, DN 25MM (3/4"), INSTALADO EM LAJE, INCLUSIVE CONEXÕES ADP REF 91867|M
11.06.23|ELETRODUTO RÍGIDO ROSCÁVEL, PVC, DN 32MM (1"), INSTALADO EM LAJE, INCLUSIVE CONEXÕES ADP REF 91868|M
11.06.24|ELETRODUTO RÍGIDO ROSCÁVEL, PVC, DN 40MM (1 1/4"), INSTALADO EM LAJE, INCLUSIVE CONEXÕES ADP REF 91869|M
11.06.25|ELETRODUTO CORRUGADO DE PVC NORMAL, DN 20MM (1/2"), INSTALADO EM PAREDE REF 91852|M
11.06.26|ELETRODUTO CORRUGADO DE PVC NORMAL, DN 25MM (3/4"), INSTALADO EM PAREDE REF 91854|M
11.06.27|ELETRODUTO CORRUGADO DE PVC NORMAL, DN 32MM (1"), INSTALADO EM PAREDE REF 91856|M
11.06.28|ELETRODUTO CORRUGADO DE PVC REFORÇADO, DN 20MM (1/2"), INSTALADO EM PAREDE REF 91853|M
11.06.29|ELETRODUTO CCORRUGADO DE PVC REFORÇADO, DN 25MM (3/4"), INSTALADO EM PAREDE REF 91855|M
11.06.30|ELETRODUTO CORRUGADO DE PVC REFORÇADO, DN 32MM (1"), INSTALADO EM PAREDE REF 91857|M
11.06.31|ELETRODUTO CORRUGADO PEAD, DN 32MM (1"), INSTALADO EM PAREDE REF 91858|M
11.06.32|ELETRODUTO CORRUGADO PEAD, DN 40MM (1 1/4"), INSTALADO EM PAREDE REF 91860|M
11.06.33|ELETRODUTO RÍGIDO ROSCÁVEL, PVC, DN 20MM (1/2"), INSTALADO EM PAREDE, INCLUSIVE CONEXÕES ADP REF 91870|M
11.06.34|ELETRODUTO RÍGIDO ROSCÁVEL, PVC, DN 25MM (3/4"), INSTALADO EM PAREDE, INCLUSIVE CONEXÕES ADP REF 91871|M
11.06.35|ELETRODUTO RÍGIDO ROSCÁVEL, PVC, DN 32MM (1"), INSTALADO EM PAREDE, INCLUSIVE CONEXÕES ADP REF 91872|M
11.06.36|ELETRODUTO RÍGIDO ROSCÁVEL, PVC, DN 40MM (1 1/4"), INSTALADO EM PAREDE, INCLUSIVE CONEXÕES ADP REF 91873|M
11.06.37|FIXAÇÃO DE TUBOS DIÂMETROS MENORES OU IGUAIS A 40 MM REF 91170|M
11.07.01|ELETRODUTO RÍGIDO SOLDÁVEL, PVC, DN 20MM (1/2"), APARENTE, INCLUSIVE CONEXÕES ADP REF 95726|M
11.07.02|ELETRODUTO RÍGIDO SOLDÁVEL, PVC, DN 25MM (3/4"), APARENTE, INCLUSIVE CONEXÕES ADP REF 95727|M
11.07.03|ELETRODUTO RÍGIDO SOLDÁVEL, PVC, DN 32MM (1"), APARENTE, INCLUSIVE CONEXÕES ADP REF 95728|M
11.07.04|ELETRODUTO RÍGIDO, AÇO GALVANIZADO A QUENTE, PESADO, DN 20MM (3/4"), APARENTE, INCLUSIVE CONEXÕES ADP REF 104406|M
11.07.05|ELETRODUTO RÍGIDO, AÇO GALVANIZADO A QUENTE, PESADO, DN 25MM (1"), APARENTE, INCLUSIVE CONEXÕES ADP REF 104407|M
11.07.06|ELETRODUTO RÍGIDO, AÇO GALVANIZADO A QUENTE, PESADO, DN 32MM (1 1/4"), APARENTE, INCLUSIVE CONEXÕES ADP REF 104408|M
11.07.07|ELETRODUTO RÍGIDO, AÇO GALVANIZADO A QUENTE, PESADO, DN 40MM (1 1/2"), APARENTE, INCLUSIVE CONEXÕES ADP REF 104409|M
11.08.01|ELETRODUTO CORRUGADO, PEAD, DN 50MM (1 1/2"), ENTERRADO REF 97667|M
11.08.02|ELETRODUTO CORRUGADO, PEAD, DN 63MM (2"), ENTERRADO REF 97668|M
11.08.03|ELETRODUTO CORRUGADO, PEAD, DN 90MM (3"), ENTERRADO REF 97669|M
11.08.04|ELETRODUTO CORRUGADO, PEAD, DN 110MM (4"), ENTERRADO REF 97670|M
11.11.77|ELETROCALHA LISA OU PERFURADA - 100X50MM (LXH), INCLUSIVE TAMPA, EMENDA E SUPORTE REF 97238|M
11.11.78|ELETROCALHA LISA OU PERFURADA - 200X50MM (LXH), INCLUSIVE TAMPA, EMENDA E SUPORTE REF 97241|M
11.11.79|ELETROCALHA LISA OU PERFURADA - 400X50MM (LXH), INCLUSIVE TAMPA, EMENDA E SUPORTE REF 97244|M
11.11.80|EMENDA PARA ELETROCALHA LISA OU PERFURADA - 100X50MM (LXH) REF 97251|UN
11.11.81|EMENDA PARA ELETROCALHA LISA OU PERFURADA - 200X50MM (LXH) REF 97258|UN
11.11.82|EMENDA PARA ELETROCALHA LISA OU PERFURADA - 400X50MM (LXH) REF 97263|UN
11.11.83|SUPORTE PARA ELETROCALHA LISA OU PERFURADA REF 96562|M
11.11.84|CURVA OU COTOVELO HORIZONTAL OU VERTICAL 90° PARA ELETROCALHA 100X50MM (LXH), COM TAMPA REF 97278|UN
11.11.85|CURVA OU COTOVELO HORIZONTAL OU VERTICAL 90° PARA ELETROCALHA 200X50MM (LXH), COM TAMPA REF 97289|UN
11.11.86|CURVA OU COTOVELO HORIZONTAL OU VERTICAL 90° PARA ELETROCALHA 400X50MM (LXH), COM TAMPA REF 97296|UN
11.11.87|DERIVAÇÃO "T" HORIZONTAL 90° PARA ELETROCALHA 100X50MM (LXH), COM TAMPA REF 97315|UN
11.11.88|DERIVAÇÃO "T" HORIZONTAL 90° PARA ELETROCALHA 200X50MM (LXH), COM TAMPA REF 97318|UN
11.11.89|DERIVAÇÃO "T" HORIZONTAL 90° PARA ELETROCALHA 400X50MM (LXH), COM TAMPA REF 97321|UN
11.14.04|CAIXA DE PASSAGEM, DE EMBUTIR, DE PVC, CPE-20 OU EQUIVALENTE|UN
11.14.06|CAIXA DE PASSAGEM, DE EMBUTIR, DE PVC, CPE-30 OU EQUIVALENTE|UN
11.14.11|CAIXA DE PASSAGEM METÁLICA PARA PISO 200X200X100MM|UN
11.14.12|CAIXA DE PASSAGEM METÁLICA PARA PISO 300X300X120MM|UN
11.14.49|CAIXA DE PASSAGEM EM ALVENARIA DE TIJOLO MACIÇO, TIPO ZA, PARA PASSEIO, COM TAMPA ARTICULADA 28X28X40CM - PADRÃO CEMIG|UN
11.14.50|CAIXA DE PASSAGEM EM ALVENARIA DE TIJOLO MACIÇO, TIPO ZB, PARA PASSEIO, COM TAMPA ARTICULADA 52X44X70CM - PADRÃO CEMIG|UN
11.14.51|CAIXA DE PASSAGEM PRÉ MOLDADA DE CONCRETO, TIPO ZC, PARA PASSEIO, COM TAMPA ARTICULADA 77X67X90CM - PADRÃO CEMIG|UN
11.14.53|CAIXA DE PASSAGEM PARA ELÉTRICA, PRÉ MOLDADA DE CONCRETO, 30X30X30CM, COM FUNDO DE BRITA E TAMPA DE CONCRETO ADP REF 97881|UN
11.14.60|CAIXA DE PASSAGEM METÁLICA, RETANGULAR, DE EMBUTIR, 4"X2" REF 92869|UN
11.14.61|CAIXA DE PASSAGEM DE PVC, RETANGULAR, DE EMBUTIR, 4"X2" REF 91941|UN
11.14.62|CAIXA DE PASSAGEM METÁLICA, QUADRADA, DE EMBUTIR, 4"X4" REF 92872|UN
11.14.63|CAIXA DE PASSAGEM DE PVC, QUADRADA, DE EMBUTIR, 4"X4" REF 91944|UN
11.14.64|CAIXA DE PASSAGEM METÁLICA, OCTOGONAL, DE EMBUTIR EM LAJE, 4"X4" REF 92865|UN
11.14.65|CAIXA DE PASSAGEM PVC, OCTOGONAL, DE EMBUTIR EM LAJE, 4"X4" REF 91936|UN
11.14.66|CONDULETE APARENTE DE ALUMÍNIO, TIPO C, PARA ELETRODUTO DE AÇO GALVANIZADO DN 20 MM (3/4'') REF 95778|UN
11.14.67|CONDULETE APARENTE DE ALUMÍNIO, TIPO C, PARA ELETRODUTO DE AÇO GALVANIZADO DN 25 MM (1'') REF 95781|UN
11.14.68|CONDULETE APARENTE DE ALUMÍNIO, TIPO C, PARA ELETRODUTO DE AÇO GALVANIZADO DN 32 MM (1 1/4'') REF 95784|UN
11.14.69|CONDULETE APARENTE DE PVC, TIPO C, PARA ELETRODUTO DE PVC SOLDÁVEL DN 20 MM (1/2'') REF 104401|UN
11.14.70|CONDULETE APARENTE DE PVC, TIPO C, PARA ELETRODUTO DE PVC SOLDÁVEL DN 25 MM (3/4'') REF 104402|UN
11.14.71|CONDULETE APARENTE DE PVC, TIPO C, PARA ELETRODUTO DE PVC SOLDÁVEL DN 32 MM (1'') REF 104403|UN
11.15.01|QUADRO DE DISTRIBUIÇÃO ATÉ 6 CIRCUITOS|UN
11.15.02|QUADRO DE DISTRIBUIÇÃO ATÉ 12 CIRCUITOS|UN
11.15.31|QUADRO DE DISTRIBUIÇÃO COM BARRAMENTO 100A, 16 POSIÇÕES - PADRÃO DIN|UN
11.18.07|DISJUNTOR TERMOMAGNÉTICO (240V-60HRZ) - MONOPOLAR 5KA 40A - PADRÃO NEMA|UN
11.18.10|DISJUNTOR TERMOMAGNÉTICO (240V-60HRZ) - MONOPOLAR 5KA 70A - PADRÃO NEMA|UN
11.18.16|DISJUNTOR TERMOMAGNÉTICO (240V-60HRZ) - BIPOLAR 10KA 40A - PADRÃO NEMA|UN
11.18.18|DISJUNTOR TERMOMAGNÉTICO (240V-60HRZ) - BIPOLAR 10KA 60A - PADRÃO NEMA|UN
11.18.28|DISJUNTOR TERMOMAGNÉTICO (240V-60HRZ) - TRIPOLAR 10KA 40A - PADRÃO NEMA|UN
11.18.30|DISJUNTOR TERMOMAGNÉTICO (240V-60HRZ) - TRIPOLAR 10KA 60A - PADRÃO NEMA|UN
11.18.31|DISJUNTOR TERMOMAGNÉTICO (240V-60HRZ) - TRIPOLAR 10KA 70A - PADRÃO NEMA|UN
11.18.33|DISJUNTOR TERMOMAGNÉTICO (240V-60HRZ) - TRIPOLAR 10KA 100A - PADRÃO NEMA|UN
11.18.34|DISJUNTOR TERMOMAGNÉTICO (240V-60HRZ) - TRIPOLAR 10KA 120A - PADRÃO NEMA|UN
11.18.36|DISJUNTOR TERMOMAGNÉTICO (240V-60HRZ) - TRIPOLAR 10KA 150A - PADRÃO NEMA|UN
11.18.37|DISJUNTOR TERMOMAGNÉTICO (240V-60HRZ) - TRIPOLAR 10KA 175A - PADRÃO NEMA|UN
11.18.38|DISJUNTOR TERMOMAGNÉTICO (240V-60HRZ) - TRIPOLAR 10KA 200A - PADRÃO NEMA|UN
11.19.01|DISJUNTOR TERMOMAGNÉTICO (240V-60HRZ) - MONOPOLAR 10A - PADRÃO DIN|UN
11.19.02|DISJUNTOR TERMOMAGNÉTICO (240V-60HRZ) - MONOPOLAR 16A - PADRÃO DIN|UN
11.19.03|DISJUNTOR TERMOMAGNÉTICO (240V-60HRZ) - MONOPOLAR 20A - PADRÃO DIN|UN
11.19.04|DISJUNTOR TERMOMAGNÉTICO (240V-60HRZ) - MONOPOLAR 25A - PADRÃO DIN|UN
11.19.05|DISJUNTOR TERMOMAGNÉTICO (240V-60HRZ) - MONOPOLAR 32A - PADRÃO DIN|UN
11.19.06|DISJUNTOR TERMOMAGNÉTICO (240V-60HRZ) - MONOPOLAR 40A - PADRÃO DIN|UN
11.19.07|DISJUNTOR TERMOMAGNÉTICO (240V-60HRZ) - MONOPOLAR 50A - PADRÃO DIN|UN
11.19.08|DISJUNTOR TERMOMAGNÉTICO (240V-60HRZ) - MONOPOLAR 63A - PADRÃO DIN|UN
11.19.09|DISJUNTOR TERMOMAGNÉTICO (240V-60HRZ) - BIPOLAR 10A - PADRÃO DIN|UN
11.19.10|DISJUNTOR TERMOMAGNÉTICO (240V-60HRZ) - BIPOLAR 16A - PADRÃO DIN|UN
11.19.11|DISJUNTOR TERMOMAGNÉTICO (240V-60HRZ) - BIPOLAR 20A - PADRÃO DIN|UN
11.19.12|DISJUNTOR TERMOMAGNÉTICO (240V-60HRZ) - BIPOLAR 25A - PADRÃO DIN|UN
11.19.13|DISJUNTOR TERMOMAGNÉTICO (240V-60HRZ) - BIPOLAR 32A - PADRÃO DIN|UN
11.19.14|DISJUNTOR TERMOMAGNÉTICO (240V-60HRZ) - BIPOLAR 40A - PADRÃO DIN|UN
11.19.15|DISJUNTOR TERMOMAGNÉTICO (240V-60HRZ) - BIPOLAR 50A - PADRÃO DIN|UN
11.19.16|DISJUNTOR TERMOMAGNÉTICO (240V-60HRZ) - BIPOLAR 63A - PADRÃO DIN|UN
11.19.17|DISJUNTOR TERMOMAGNÉTICO (240V-60HRZ) - TRIPOLAR 10A - PADRÃO DIN|UN
11.19.18|DISJUNTOR TERMOMAGNÉTICO (240V-60HRZ) - TRIPOLAR 16A - PADRÃO DIN|UN
11.19.19|DISJUNTOR TERMOMAGNÉTICO (240V-60HRZ) - TRIPOLAR 20A - PADRÃO DIN|UN
11.19.20|DISJUNTOR TERMOMAGNÉTICO (240V-60HRZ) - TRIPOLAR 25A - PADRÃO DIN|UN
11.19.21|DISJUNTOR TERMOMAGNÉTICO (240V-60HRZ) - TRIPOLAR 32A - PADRÃO DIN|UN
11.19.22|DISJUNTOR TERMOMAGNÉTICO (240V-60HRZ) - TRIPOLAR 40A - PADRÃO DIN|UN
11.19.23|DISJUNTOR TERMOMAGNÉTICO (240V-60HRZ) - TRIPOLAR 50A - PADRÃO DIN|UN
11.19.24|DISJUNTOR TERMOMAGNÉTICO (240V-60HRZ) - TRIPOLAR 63A - PADRÃO DIN|UN
11.20.01|INTERRUPTOR DIFERENCIAL RESIDUAL BIPOLAR 25A-30MA , 2 MÓDULOS REFERÊNCIA WRX22530 ELETROMAR/EQUIVALENTE|UN
11.20.02|INTERRUPTOR DIFERENCIAL RESIDUAL BIPOLAR 40A-30MA, 2 MÓDULOS REFERÊNCIA WRX 24030 ELETROMAR/EQUIVALENTE|UN
11.22.01|RELÉ FOTOELÉTRICO 1200VA RM-10 - 120V OU EQUIVALENTE|UN
11.22.02|RELÉ FOTOELÉTRICO 1800VA RM-10 - 220V OU EQUIVALENTE|UN
11.22.03|BASE PARA RELÉ FOTOELÉTRICO|UN
11.22.05|CHAVE MAGNÉTICA EXTERNA 1 X 30A 6904 TECNOWATT/EQUIVALENTE|UN
11.22.06|CHAVE MAGNÉTICA EXTERNA 1 X 50A 6905 TECNOWATT/EQUIVALENTE|UN
11.22.07|CHAVE MAGNÉTICA EXTERNA 2 X 30A 6906 TECNOWATT/EQUIVALENTE|UN
11.23.04|FIO CONDUTOR #1,5MM2, COM ISOLAMENTO, NÃO HALOGENADO 750V|M
11.23.05|FIO CONDUTOR #2,5MM2, COM ISOLAMENTO, NÃO HALOGENADO 750V|M
11.23.06|FIO CONDUTOR #4,0MM2, COM ISOLAMENTO, NÃO HALOGENADO 750V|M
11.23.07|FIO CONDUTOR #6,0MM2, COM ISOLAMENTO, NÃO HALOGENADO 750V|M
11.23.08|FIO CONDUTOR #10,0MM2, COM ISOLAMENTO, NÃO HALOGENADO 750V|M
11.24.04|CABO FLEXÍVEL #1,5MM2, ISOLAMENTO 750V NÃO HALOGENADO|M
11.24.05|CABO FLEXÍVEL #2,5MM2, ISOLAMENTO 750V NÃO HALOGENADO|M
11.24.06|CABO FLEXÍVEL #4,0MM2, ISOLAMENTO 750V NÃO HALOGENADO|M
11.24.07|CABO FLEXÍVEL #6,0MM2, ISOLAMENTO 750V NÃO HALOGENADO|M
11.24.08|CABO FLEXÍVEL #10,0MM2, ISOLAMENTO 750V NÃO HALOGENADO|M
11.24.09|CABO FLEXÍVEL #16,0MM2, ISOLAMENTO 750V NÃO HALOGENADO|M
11.24.10|CABO FLEXÍVEL #25,0MM2, ISOLAMENTO 750V NÃO HALOGENADO|M
11.24.11|CABO FLEXÍVEL #35,0MM2, ISOLAMENTO 750V NÃO HALOGENADO|M
11.24.12|CABO FLEXÍVEL #50,0MM2, ISOLAMENTO 750V NÃO HALOGENADO|M
11.24.13|CABO FLEXÍVEL #70,0MM2, ISOLAMENTO 750V NÃO HALOGENADO|M
11.24.14|CABO FLEXÍVEL #95,0MM2, ISOLAMENTO 750V NÃO HALOGENADO|M
11.24.15|CABO FLEXÍVEL #120,0MM2, ISOLAMENTO 750V NÃO HALOGENADO|M
11.24.40|CABO FLEXÍVEL COM 1 CONDUTOR #1X1,5MM2, ISOLAMENTO 1KV NÃO HALOGENADO|M
11.24.41|CABO FLEXÍVEL COM 1 CONDUTOR #1X2,5MM2, ISOLAMENTO 1KV NÃO HALOGENADO|M
11.24.42|CABO FLEXÍVEL COM 1 CONDUTOR #1X4,0MM2, ISOLAMENTO 1KV NÃO HALOGENADO|M
11.24.43|CABO FLEXÍVEL COM 1 CONDUTOR #1X6,0MM2, ISOLAMENTO 1KV NÃO HALOGENADO|M
11.24.44|CABO FLEXÍVEL COM 1 CONDUTOR #1X10,0MM2, ISOLAMENTO 1KV NÃO HALOGENADO|M
11.24.45|CABO FLEXÍVEL COM 1 CONDUTOR #1X16,0MM2, ISOLAMENTO 1KV NÃO HALOGENADO|M
11.24.46|CABO FLEXÍVEL COM 1 CONDUTOR #1X25,0MM2, ISOLAMENTO 1KV NÃO HALOGENADO|M
11.24.47|CABO FLEXÍVEL COM 1 CONDUTOR #1X35,0MM2, ISOLAMENTO 1KV NÃO HALOGENADO|M
11.24.48|CABO FLEXÍVEL COM 1 CONDUTOR #1X50,0MM2, ISOLAMENTO 1KV NÃO HALOGENADO|M
11.24.49|CABO FLEXÍVEL COM 1 CONDUTOR #1X70,0MM2, ISOLAMENTO 1KV NÃO HALOGENADO|M
11.24.50|CABO FLEXÍVEL COM 1 CONDUTOR #1X95,0MM2, ISOLAMENTO 1KV NÃO HALOGENADO|M
11.24.51|CABO FLEXÍVEL COM 1 CONDUTOR #1X120,0MM2, ISOLAMENTO 1KV NÃO HALOGENADO|M
11.24.52|CABO FLEXÍVEL COM 1 CONDUTOR #1X150,0MM2, ISOLAMENTO 1KV NÃO HALOGENADO|M
11.24.53|CABO FLEXÍVEL COM 1 CONDUTOR #1X185,0MM2, ISOLAMENTO 1KV NÃO HALOGENADO|M
11.24.54|CABO FLEXÍVEL COM 1 CONDUTOR #1X240,0MM2, ISOLAMENTO 1KV NÃO HALOGENADO|M
11.30.13|INTERRUPTOR SIMPLES 10A/250V R.1000 SEM PLACA/EQUIVALENTE|UN
11.30.14|INTERRUPTOR PARALELO 10A/250V REFERÊNCIA 1001 SEM PLACA/EQUIVALENTE|UN
11.30.21|TOMADA 10A/250V-2P SEM PLACA REFERÊNCIA 54328 SILENTOQUE/EQUIVALENTE|UN
11.30.22|TOMADA 2P+T 10A-250V, SEM PLACA REFERÊNCIA 685044 PIAL LEGRAN/EQUIVALENTE|UN
11.30.23|TOMADA 2P+T 20A-250V, SEM PLACA REFERÊNCIA 54333/EQUIVALENTE|UN
11.30.38|CONJUNTO COM 2 INTERRUPTORES SIMPLES REFERÊNCIA 2000 SEM PLACA OU EQUIVALENTE|UN
11.30.39|CONJUNTO 1 INTERRUPTOR SIMPLES + 1 PARALELO REFERÊNCIA 2001 SEM PLACA/EQUIVALENTE|UN
11.30.40|CONJUNTO 2 INTERRUPTORES PARALELOS SEM PLACA REFERÊNCIA 2014/EQUIVALENTE|UN
11.30.44|CONJUNTO 3 INTERRUPTORES SIMPLES SEM PLACA REFERÊNCIA 3000/EQUIVALENTE|UN
11.30.45|CONJUNTO 2 INTERRUPTORES SIMPLES + 1 PARALELO SEM PLACA|UN
11.30.46|CONJUNTO 1 INTERRUPTOR SIMPLES + 2 PARALELOS SEM PLACA|UN
11.30.49|PLACA TERMOPLÁSTICA CINZA 4X4" CEGA PIAL/EQUIVALENTE|UN
11.30.50|PLACA TERMOPLÁSTICA 2X4" COM FURO CENTRAL PIAL/EQUIVALENTE|UN
11.30.51|PLACA TERMOPLÁSTICA CINZA PARA CAIXA 2" X 4"|UN
11.30.52|PLACA TERMOPLÁSTICA CINZA PARA CAIXA 4" X 4"|UN
11.31.01|INTERRUPTOR SIMPLES (1 MÓDULO) 10A-250V-R.6110 00 PIAL/EQUIVALENTE|UN
11.31.02|INTERRUPTOR PARALELO (1 MÓDULO) 10A-250V-R.6110 01 PIAL/EQUIVALENTE|UN
11.31.03|INTERRUPTOR BIPOLAR SIMPLES (1 MÓDULO) 10A-250V-R.6120 05 PIAL/EQUIVALENTE|UN
11.31.04|INTERRUPTOR INTERMEDIÁRIO (1 MÓDULO) 10A-250V-R.6120 07 PIAL/EQUIVALENTE|UN
11.31.06|TOMADA 2P UNIVERSAL (1 MÓDULO) 10A-250V R.6150 40 PIAL/EQUIVALENTE|UN
11.31.07|TOMADA 2P+T UNIVERSAL (2 MÓDULOS) 20A-250V R.6150 60 PIAL/EQUIVALENTE|UN
11.31.09|CIGARRA 50/60HZ 127V - R.6110 40 PIAL/EQUIVALENTE|UN
11.31.10|ACESSÓRIO SAÍDA FIO D=11MM (1 MÓDULO) R.6110 48 PIAL/EQUIVALENTE|UN
11.31.11|PULSADOR PARA CAMPAINHA (1 MÓDULO) 2A-250V R.61002 PIAL/EQUIVALENTE|UN
11.31.12|SUPORTE PARA CAIXA 2X4" (1 MÓDULO VERTICAL) R.6121 21 PIAL/EQUIVALENTE|UN
11.31.13|SUPORTE PARA CAIXA 2X4"(ATE 3 MÓDULOS) R.6121 22 PIAL/EQUIVALENTE|UN
11.31.14|SUPORTE PARA CAIXA 4X4" (ATE 6 MÓDULOS) R.6121 24 PIAL/EQUIVALENTE|UN
11.31.15|PLACA PARA CAIXA 2X4"- LINHA PIALPLUS, PIAL/EQUIVALENTE|UN
11.31.16|PLACA PARA CAIXA 4X4"- LINHA PIALPLUS, PIAL/EQUIVALENTE|UN
11.37.02|LUMINÁRIA 1X16W SOQUETE ANTIVIBRATÓRIO REFERÊNCIA 3540 ITAIM/EQUIVALENTE|UN
11.37.06|LUMINÁRIA 2X14W SOQUETE ANTIVIBRATÓRIO REFERÊNCIA 3007 ITAIM/EQUIVALENTE|UN
11.37.07|LUMINÁRIA 2X16W SOQUETE ANTIVIBRATÓRIO REFERÊNCIA 3540 ITAIM/EQUIVALENTE|UN
11.37.08|LUMINÁRIA 2X28W SOQUETE ANTIVIBRATÓRIO REFERÊNCIA 3007 ITAIM/EQUIVALENTE|UN
11.37.20|LUMINÁRIA 2X32W SOQUETE ANTIVIBRATÓRIO REFERÊNCIA 3540 ITAIM/EQUIVALENTE|UN
11.37.21|LUMINÁRIA 2X10W COMPLETA 60CM (LÂMPADA LED E SOQUETE)|CJ
11.37.22|LUMINÁRIA 2X18W COMPLETA 60CM (LÂMPADA LED E SOQUETE)|CJ
11.37.24|LUMINÁRIA 2X18W COMPLETA 120CM (LÂMPADA LED E SOQUETE)|CJ
11.37.28|LUMINÁRIA EMERGÊNCIA FARÓIS DUPLOS HALOGÊNIO 55W WETZEL/EQUIVALENTE|UN
11.37.29|LUMINÁRIA 2X18W CIRCULAR COMPACTA REFERÊNCIA BLENDA ITAIM/EQUIVALENTE|UN
11.37.30|LUMINÁRIA 2X32W FLUORESCENTE SOBREPOR REFERÊNCIA LPT-22 ITAIM/EQUIVALENTE|UN
11.37.31|LUMINÁRIA 2X32W/127W SOBREPOR REFERÊNCIA OCT 1369 INDELPA/EQUIVALENTE|UN
11.38.02|LUMINÁRIA 1X16W SOQUETE ANTIVIBRATÓRIO REFERÊNCIA 2540 ITAIM/EQUIVALENTE|UN
11.38.03|LUMINÁRIA 1X28W SOQUETE ANTIVIBRATÓRIO REFERÊNCIA 2837 ITAIM/EQUIVALENTE|UN
11.38.04|LUMINÁRIA 1X32W SOQUETE ANTIVIBRATÓRIO REFERÊNCIA 2540 ITAIM/EQUIVALENTE|UN
11.38.05|LUMINÁRIA 2X14W SOQUETE ANTIVIBRATÓRIO REFERÊNCIA 2007 ITAIM/EQUIVALENTE|UN
11.38.06|LUMINÁRIA 2X16W SOQUETE ANTIVIBRATÓRIO REFERÊNCIA 2540 ITAIM/EQUIVALENTE|UN
11.38.07|LUMINÁRIA 2X28W SOQUETE ANTIVIBRATÓRIO REFERÊNCIA 2007 ITAIM/EQUIVALENTE|UN
11.38.08|LUMINÁRIA 2X32W SOQUETE ANTIVIBRATÓRIO REFERÊNCIA 2540 ITAIM/EQUIVALENTE|UN
11.38.09|LUMINÁRIA 2X10W COMPLETA 60CM (LÂMPADA LED E SOQUETE)|UN
11.38.10|LUMINÁRIA 2X18W COMPLETA 60CM (LÂMPADA LED E SOQUETE)|UN
11.38.12|LUMINÁRIA 2X18W COMPLETA 120CM (LÂMPADA LED E SOQUETE)|UN
11.43.02|LUMINÁRIA PARA TETO, GLOBO VIDRO ESFÉRICO LEITOSO 10X20CM|UN
11.45.01|ARANDELA EXTERNA PARA 1 LÂMPADA FLUORESCENTE COMPACTA 20W|UN
11.45.02|ARANDELA PARA LÂMPADA FLUORESCENTE ELETRÔNICA 20W REFERÊNCIA ITAIM/EQUIVALENTE|UN
11.45.46|ARANDELA TIPO TARTARUGA - LUMIFOR/EQUIVALENTE|UN
11.55.01|RECEPTÁCULO DE PORCELANA NORMAL E27|UN
11.55.02|RECEPTÁCULO DE PORCELANA E40|UN
11.55.20|SOQUETE PARA LÂMPADA FLUORESCENTE|UN
11.56.01|POSTE GALVANIZADO ESCALONADO RETO ENGASTADO HT= 4,5M / HL= 3,8M /B= 89MM /DT= 60,3MM PADRÃO CEMIG|UN
11.56.03|POSTE GALVANIZADO ESCALONADO RETO ENGASTADO HT= 8,0M / HL= 7,0M /DB= 115MM /DT= 80MM PADRÃO CEMIG|UN
11.56.04|POSTE GALVANIZADO ESCALONADO RETO ENGASTADO HT= 12,0M / HL= 9,8M /DB= 139MM /DT= 89MM|UN
11.60.02|LÂMPADA LED 7W SOQUETE ROSCA|UN
11.60.03|LÂMPADA LED 9W SOQUETE ROSCA|UN
11.60.06|LÂMPADA MILHO LED 9W 800 LUMENS BASE E27|UN
11.60.07|LÂMPADA MILHO LED 12W 1000 LUMENS BASE E27|UN
11.60.08|LÂMPADA MILHO LED 16W 1400 LUMENS BASE E27|UN
11.60.09|LÂMPADA MILHO LED 24W 2200 LUMENS BASE E27|UN
11.60.10|LÂMPADA MILHO LED 36W 3300 LUMENS BASE E27|UN
11.60.12|LÂMPADA MILHO LED 50W 4800 LUMENS BASE E27|UN
11.60.13|LÂMPADA TUBULAR LED 10W 1000 LUMENS SOQUETE G13 60CM|UN
11.60.14|LÂMPADA TUBULAR LED 18W 1350 LUMENS SOQUETE G13 60CM|UN
11.60.16|LÂMPADA TUBULAR LED 18W 2100 LUMENS SOQUETE G13 120CM|UN
11.60.17|LÂMPADA BULBO LED 5W 400 LUMENS BASE E27|UN
11.60.18|LÂMPADA BULBO LED 7W 600 LUMENS BASE E27|UN
11.60.19|LÂMPADA BULBO LED 9W 800 LUMENS BASE E27|UN
11.60.20|LÂMPADA BULBO LED 13W 1500 LUMENS BASE E27|UN
11.60.50|LÂMPADA TUBULAR LED 10W 1000 LUMENS SOQUETE G13 60CM|UN
11.60.51|LÂMPADA TUBULAR LED 18W 1800 LUMENS SOQUETE G13 120CM|UN
11.61.02|PADRÃO CEMIG AÉREO EM MURETA - TIPO A1, CARGA INSTALADA ATÉ 5,0KW (1F+N) - LADO OPOSTO À REDE|UN
11.61.03|PADRÃO CEMIG AÉREO EM MURETA - TIPO A2, CARGA INSTALADA DE 5,1KW ATÉ 6,5KW (1F+N) - LADO OPOSTO À REDE|UN
11.61.04|PADRÃO CEMIG AÉREO EM MURETA - TIPO A3, CARGA INSTALADA DE 6,3KW ATÉ 10,0KW (1F+N) - LADO OPOSTO À REDE|UN
11.61.05|PADRÃO CEMIG AÉREO EM MURETA - TIPO B1, CARGA INSTALADA ATÉ 10,0KW (2F+N) - LADO OPOSTO À REDE|UN
11.61.06|PADRÃO CEMIG AÉREO EM MURETA - TIPO B2, CARGA INSTALADA DE 10,1 ATÉ 15,0KW (2F+N) - LADO OPOSTO À REDE|UN
11.61.07|PADRÃO CEMIG AÉREO EM MURETA - TIPO C1, DEMANDA PROVÁVEL ATÉ 15,0KW (3F+N) - LADO OPOSTO À REDE|UN
11.61.08|PADRÃO CEMIG AÉREO EM MURETA - TIPO C2, DEMANDA PROVÁVEL DE 15,1 ATÉ 23,0KW (3F+N) - LADO OPOSTO À REDE|UN
11.61.09|PADRÃO CEMIG AÉREO EM MURETA - TIPO C3, DEMANDA PROVÁVEL DE 23,1 ATÉ 27,0KW (3F+N) - LADO OPOSTO À REDE|UN
11.61.10|PADRÃO CEMIG AÉREO EM MURETA - TIPO C4, DEMANDA PROVÁVEL DE 27,1 ATÉ 38,0KW (3F+N) - LADO OPOSTO À REDE|UN
11.61.11|PADRÃO CEMIG AÉREO EM MURETA - TIPO C5, DEMANDA PROVÁVEL DE 38,1 ATÉ 47,0KW (3F+N) - LADO OPOSTO À REDE|UN
11.61.12|PADRÃO CEMIG AÉREO EM MURETA - TIPO C6, DEMANDA PROVÁVEL DE 47,1 ATÉ 57,0KW (3F+N) - LADO OPOSTO À REDE|UN
11.61.13|PADRÃO CEMIG AÉREO EM MURETA - TIPO C7, DEMANDA PROVÁVEL DE 57,1 ATÉ 66,0KW (3F+N) - LADO OPOSTO À REDE|UN
11.61.14|PADRÃO CEMIG AÉREO EM MURETA - TIPO C8, DEMANDA PROVÁVEL DE 66,1 ATÉ 75,0KW (3F+N) - LADO OPOSTO À REDE|UN
11.62.02|PADRÃO CEMIG AÉREO EM MURETA - TIPO A1, CARGA INSTALADA ATÉ 5,0KW (1F+N) - MESMO LADO DA REDE|UN
11.62.03|PADRÃO CEMIG AÉREO EM MURETA - TIPO A2, CARGA INSTALADA DE 5,1KW ATÉ 6,5KW (1F+N) - MESMO LADO DA REDE|UN
11.62.04|PADRÃO CEMIG AÉREO EM MURETA - TIPO A3, CARGA INSTALADA DE 6,3KW ATÉ 10,0KW (1F+N) - MESMO LADO DA REDE|UN
11.62.05|PADRÃO CEMIG AÉREO EM MURETA - TIPO B1, CARGA INSTALADA ATÉ 10,0KW (2F+N) - MESMO LADO DA REDE|UN
11.62.06|PADRÃO CEMIG AÉREO EM MURETA - TIPO B2, CARGA INSTALADA DE 10,1 ATÉ 15,0KW (2F+N) - MESMO LADO DA REDE|UN
11.62.07|PADRÃO CEMIG AÉREO EM MURETA - TIPO C1, DEMANDA PROVÁVEL ATÉ 15,0KW (3F+N) - MESMO LADO DA REDE|UN
11.62.08|PADRÃO CEMIG AÉREO EM MURETA - TIPO C2, DEMANDA PROVÁVEL DE 15,1 ATÉ 23,0KW (3F+N) - MESMO LADO DA REDE|UN
11.62.09|PADRÃO CEMIG AÉREO EM MURETA - TIPO C3, DEMANDA PROVÁVEL DE 23,1 ATÉ 27,0KW (3F+N) - MESMO LADO DA REDE|UN
11.62.10|PADRÃO CEMIG AÉREO EM MURETA - TIPO C4, DEMANDA PROVÁVEL DE 27,1 ATÉ 38,0KW (3F+N) - MESMO LADO DA REDE|UN
11.62.11|PADRÃO CEMIG AÉREO EM MURETA - TIPO C5, DEMANDA PROVÁVEL DE 38,1 ATÉ 47,0KW (3F+N) - MESMO LADO DA REDE|UN
11.62.12|PADRÃO CEMIG AÉREO EM MURETA - TIPO C6, DEMANDA PROVÁVEL DE 47,1 ATÉ 57,0KW (3F+N) - MESMO LADO DA REDE|UN
11.62.13|PADRÃO CEMIG AÉREO EM MURETA - TIPO C7, DEMANDA PROVÁVEL DE 57,1 ATÉ 66,0KW (3F+N) - MESMO LADO DA REDE|UN
11.62.14|PADRÃO CEMIG AÉREO EM MURETA - TIPO C8, DEMANDA PROVÁVEL DE 66,1 ATÉ 75,0KW (3F+N) - MESMO LADO DA REDE|UN
11.80.02|CABO CI50.10|M
11.80.03|CABO CI50.20|M
11.80.04|CABO CI50.30|M
11.80.05|CABO CI50.50|M
11.80.07|CABO CCE-APL-50.2|M
11.80.09|CABO CCE-APL-50.4|M
11.80.11|CABO CCE-APL-50.6|M
11.80.12|CABO CTP-APL-5N 50.10|M
11.80.13|CABO CTP-APL-5N 50.20|M
11.80.14|CABO CTP-APL-5N 50.30|M
11.80.15|CABO CTP-APL-5N 50.50|M
11.80.20|CABO UTP 4 PARES - CATEGORIA 5E - FURUKAWA/EQUIVALENTE|M
11.81.02|TOMADA 4P PARA TELEFONE R.5003 SEM PLACA|UN
11.81.03|TOMADA RJ11 COM PLACA PARA CAIXA 4"X2" - SILENTOQUE/EQUIVALENTE|UN
11.81.09|PLACA 2X4" COM FURO CENTRAL PARA TOMADA JACK|UN
11.82.01|ANEL GUIA AGS-1|UN
11.82.05|ANEL GUIA AGS-5|UN
11.82.06|CABO COAXIAL PARA ANTENA OU EQUIVALENTE|M
11.82.07|CABO OPTICO CF0A 4 FIBRAS|M
11.82.10|CANALETA SUPORTE (CAN-5)|UN
11.82.15|ABRAÇADEIRA BC-1|UN
11.82.16|ABRAÇADEIRA BC-2|UN
11.82.17|ABRAÇADEIRA BC-3|UN
11.82.18|ABRAÇADEIRA BC-4|UN
11.82.20|BORNE FÊMEA PARA PINO BANANA|UN
11.82.21|BLOCO DE LIGAÇÃO INTERNA TIPO BLI-10 PADRÃO TELEBRÁS|UN
11.82.50|TOMADA RJ 45 SEM PLACA|UN
11.82.54|GUIA DE CABOS PARA RACK 1U|UN
11.82.55|BLOCO PARA 50 PARES K110-50SS OU EQUIVALENTE|UN
11.82.56|CALHA COM 8 TOMADAS 19"|UN
11.82.57|CALHA COM 4 TOMADAS 19"|UN
11.82.58|PATCH CORDS TIPO 110-CATEG.5E-REF.K-PC5E15-1,5M OU EQUIVALENTE|UN
11.82.59|PATCH CORDS TIPO RJ45-CATEG.E-REF.K-PC5E-1,5M OU EQUIVALENTE|UN
11.82.60|MODULO HITOP EMBUTIR, 19" 16U OU EQUIVALENTE|UN
11.82.62|PAINEL CEGO, REF. KN-BLIND DA PLP OU EQUIVALENTE|UN
11.82.64|ORGANIZADOR DE CABOS 1U|UN
11.82.66|PATCH PAINEL 24 PORTAS CATEG.5E MAXITELECOM OU EQUIVALENTE|UN
11.82.67|PATCH PAINEL 48 PORTAS CATEG.5E MAXITELECOM OU EQUIVALENTE|UN
11.83.01|HASTE DE ATERRAMENTO DE AÇO COBREADO 15MM X 2400MM|UN
11.83.02|CONECTOR CABO HASTE CHT-1 DE ATERRAMENTO|UN
11.83.11|HASTE DE ATERRAMENTO AÇO GALVANIZADO 3/4" X 3,0 MM|UN
11.83.13|HASTE ATERRAMENTO AÇO ZINCADO 25 X 25 X 2500MM PADRÃO CEMIG|UN
11.83.14|HASTE ATERRAMENTO 17MM X 2400 MM|UN
11.84.01|CAIXAS PARA INSTALAÇÃO TELEFÔNICA P20 20 X 20 X 20CM - FERRO FUNDIDO|UN
11.84.02|CAIXAS PARA INSTALAÇÃO TELEFÔNICA R1 35 X 60 X 50CM PADRÃO TELEBRAS INCLUSIVE ARO E TAMPA|UN
11.84.03|CAIXAS PARA INSTALAÇÃO TELEFÔNICA R2 107 X 52 X 50CM - ALVENARIA E CONCRETO TAMPA TIPO TR2-FF|UN
11.85.01|CAIXA INTERNA METAL - EMBUTIR/SOBREPOR - TELEFONIA Nº2 (20 X 20 X 12)CM, COM PORTA E FUNDO DE MADEIRA|UN
11.85.02|CAIXA INTERNA METAL - EMBUTIR/SOBREPOR - TELEFONIA Nº3 (40 X 40 X 12)CM, COM PORTA E FUNDO DE MADEIRA|UN
11.85.03|CAIXA INTERNA METAL - EMBUTIR/SOBREPOR - TELEFONIA Nº4 (60 X 60 X 12)CM, COM PORTA E FUNDO DE MADEIRA|UN
11.85.04|CAIXA INTERNA METAL - EMBUTIR/SOBREPOR - TELEFONIA Nº5 (80 X 80 X 12)CM, COM PORTA E FUNDO DE MADEIRA|UN
11.85.05|CAIXA INTERNA METAL - EMBUTIR/SOBREPOR - TELEFONIA Nº6 (100 X 100 X 12)CM, COM PORTA E FUNDO DE MADEIRA|UN
11.91.02|CABO DE COBRE NU # 10MM2|M
11.91.03|CABO DE COBRE NU # 16 MM2|M
11.91.04|CABO DE COBRE NU # 25 MM2|M
11.91.05|CABO DE COBRE NU # 35 MM2|M
11.91.06|CABO DE COBRE NU # 50 MM2|M
11.91.09|CABO DE COBRE NU # 70MM2|M
11.92.01|TERMINAL AÉREO (CAPTOR), AÇO GALVANIZADO D= 3/8" X 250MM|UN
11.92.02|CONECTOR DE BRONZE COM FURO VERTICAL PARA CAPTOR|UN
11.92.03|CAIXA EQUALIZAÇÃO DE POLIPROPILENO 180 X 145MM B 6MM|UN
11.92.04|MOLDE PARA SOLDA EXOTÉRMICA HCL 5/8" 50-5|UN
11.92.06|PRESILHA LATÃO PARA CABO 35 / 50MM2 COM PARAFUSO E BUCHA S6|UN
11.92.07|CONECTOR MINI-GAR 16 A 35MM2 PARA TERMINAIS AÉREOS|UN
11.92.08|CAIXA METÁLICA 38 X 32CM COM PLACA DE COBRE PARA EQUALIZAÇÃO|UN
11.92.09|TERMINAL AÉREO EM LATÃO SEXTAVADO 5/16 X 250 TEL-023|UN
11.92.11|FIXADOR ÔMEGA EM LATÃO PARA CABO 35 MM2|UN
11.92.12|GRAMPO TIPO X ESTAMPADO COBRE 35 MM2|UN
11.92.13|PRESILHA LATÃO 16 MM2 FURO COM DIÂMETRO DE 5MM|UN
11.92.14|FIXADOR ÔMEGA EM LATÃO PARA CABO DE COBRE 16/25MM2|UN
11.92.15|CONECTOR EMENDA E MEDIÇÃO PARA CABOS COBRE 16 A 50MM2|UN
11.92.16|TERMINAL DE COMPRESSÃO 1 FURO DE 16 MM2|UN
11.92.17|CAIXA DE EQUALIZAÇÃO 20 X 20CM COM 9 TERMINAIS|UN
11.92.18|HASTE ALTA CAMADA 254 MICRONS 5/8"X2,40M|UN
11.92.19|TERMINAL DE COMPRESSÃO 1 FURO 35 MM2|UN
11.92.20|TERMINAL DE COMPRESSÃO EM COBRE ESTANHADO TEL-5035/EQUIVALENTE|UN
11.92.21|PARAFUSO SEXTAVADO AÇO INOX ROSCA SOBERANA M6 X 45MM TEL-5346/EQUIVALENTE|UN
11.92.22|PORCA SEXTAVADA EM AÇO INOX TEL-5414/EQUIVALENTE|UN
11.92.23|PARAFUSO FENDA AUTOTARRAXANTE INOX 4,2X32MM|UN
11.92.24|ABRAÇADEIRA PVC TIPO COLAR 1"|UN
11.92.25|BARRA CHATA DE ALUMÍNIO 7/8" X 1/8" X 3000MM|UN
11.92.26|MASTRO DN = 1 1/2" 3M|UN
11.92.27|PARA-RAIO TIPO FRANKLIN 4 PONTAS LATÃO CROMADO 350MM|UN
11.92.28|ARRUELA DE PRESSÃO EM AÇO INOX TEL-5303/EQUIVALENTE|UN
11.92.30|CAIXA DE INSPEÇÃO EM PVC 300 X 300MM TAMPA FOFO TIPO SOLO|UN
11.92.31|CONECTOR DE PRESSÃO 35MM2 TEL-5015/EQUIVALENTE|UN
11.92.32|BARRA GALVANIZADA A FOGO D= 3/8" X 3,4M (RE-BAR)|UN
11.92.33|TERMINAL EM LATÃO 16-50MM2 TEL-5099/EQUIVALENTE|UN
11.92.34|SUPORTE EM LATÃO D= 1/4"|UN
11.92.42|CAIXA DE EQUALIZAÇÃO 40 X 40 X 15CM COM 11 TERMINAIS|UN
11.92.43|MOLDE PPS 35-2 PARA SOLDA EXOTÉRMICA|UN
11.92.44|CARTUCHO Nº45 PARA SOLDA EXOTÉRMICA|UN
11.92.45|FORNECIMENTO DE ALICATE PEQUENO Z-200 PARA UTILIZAÇÃO EM MOLDE DE SOLDA EXOTÉRMICA|UN
11.92.46|SELANTE ELÁSTICO MONOCOMPONENTE À BASE DE POLIURETANO PARA JUNTAS DIVERSAS 310ML|UN
11.92.48|TERMINAL COMPRESÃO COBRE ESTANHADO 1 FURO 50MM TEL5050/EQUIVALENTE|UN
11.92.49|CARTUCHO PARA SOLDA NÚMERO 115 TEL-99115/EQUIVALENTE|UN
11.93.02|SUPRESSOR DE SURTO VCL 275V 45KA CLAMPER/EQUIVALENTE|UN
12.05.01|KIT PORTA PRONTA, COMPLETA, VÃO LIVRE 60X210CM, ESPUMA EXPANSIVA PARCIAL, FORNECIMENTO E INSTALAÇÃO ADP REF 90788|UN
12.05.02|KIT PORTA PRONTA, COMPLETA, VÃO LIVRE 70X210CM, ESPUMA EXPANSIVA PARCIAL, FORNECIMENTO E INSTALAÇÃO ADP REF 90789|UN
12.05.03|KIT PORTA PRONTA, COMPLETA, VÃO LIVRE 80X210CM, ESPUMA EXPANSIVA PARCIAL, FORNECIMENTO E INSTALAÇÃO ADP REF 90790|UN
12.05.04|KIT PORTA PRONTA, COMPLETA, VÃO LIVRE 90X210CM, ESPUMA EXPANSIVA TOTAL, FORNECIMENTO E INSTALAÇÃO ADP REF 100675|UN
12.06.01|PORTA COMPLETA (PORTA COM DOBRADIÇAS, MARCO, ALIZAR E FECHADURA) 60X210CM, FORNECIMENTO E INSTALAÇÃO REF 90841|UN
12.06.02|PORTA COMPLETA (PORTA COM DOBRADIÇAS, MARCO, ALIZAR E FECHADURA) 70X210CM, FORNECIMENTO E INSTALAÇÃO REF 90842|UN
12.06.03|PORTA COMPLETA (PORTA COM DOBRADIÇAS, MARCO, ALIZAR E FECHADURA) 80X210CM, FORNECIMENTO E INSTALAÇÃO REF 90843|UN
12.06.04|PORTA COMPLETA (PORTA COM DOBRADIÇAS, MARCO, ALIZAR E FECHADURAS) 90X210CM, FORNECIMENTO E INSTALAÇÃO REF 90844|UN
12.07.01|FOLHA DE PORTA DE MADEIRA PARA VÃO 60X210CM, E= 35MM, NÚCLEO SARRAFEADO, INCLUSIVE DOBRADIÇA, FORNECIMENTO E INSTALAÇÃO ADP REF 90820|UN
12.07.02|FOLHA DE PORTA DE MADEIRA PARA VÃO 70X210CM, E= 35MM, NÚCLEO SARRAFEADO, INCLUSIVE DOBRADIÇA, FORNECIMENTO E INSTALAÇÃO ADP REF 90821|UN
12.07.03|FOLHA DE PORTA DE MADEIRA PARA VÃO 80X210CM, E= 35MM, NÚCLEO SARRAFEADO, INCLUSIVE DOBRADIÇA, FORNECIMENTO E INSTALAÇÃO ADP REF 90822|UN
12.07.04|FOLHA DE PORTA DE MADEIRA PARA VÃO 90X210CM, E= 35MM, NÚCLEO SARRAFEADO, INCLUSIVE DOBRADIÇA, FORNECIMENTO E INSTALAÇÃO ADP REF 90823|UN
12.08.01|MARCO DE MADEIRA PARA PORTAS, FIXADO COM ARGAMASSA, SEM ALIZARES, FORNECIMENTO E INSTALAÇÃO REF 90806|UN
12.08.02|ALIZAR L=7CM PARA PORTA, FIXADO COM PREGOS, FORNECIMENTO E INSTALAÇÃO REF 100659|M
12.50.01|FECHADURA COMPLETA PARA PORTAS EXTERNAS, FORNECIMENTO E INSTALAÇÃO REF 90830|UN
12.50.02|FECHADURA COMPLETA PARA PORTAS INTERNAS, FORNECIMENTO E INSTALAÇÃO REF 90830|UN
12.50.03|FECHADURA COMPLETA PARA PORTAS DE BANHEIRO, FORNECIMENTO E INSTALAÇÃO REF 90830|UN
12.50.04|FECHADURA COMPLETA PARA PORTAS INTERNAS/EXTERNAS, FORNECIMENTO E INSTALAÇÃO REF 90830|UN
12.50.06|TRINCO TARJETA PARA PORTAS, FORNECIMENTO E INSTALAÇÃO REF 100705|UN
12.50.07|TARJETA LIVRE-OCUPADO PARA PORTAS, FORNECIMENTO E INSTALAÇÃO REF 100705|UN
13.01.01|JANELAS DE ALUMÍNIO - MÁXIMO AR, COM VIDROS, BATENTES E FERRAGENS, SEM CONTRA MARCO REF 94569|M2
13.01.02|JANELAS DE ALUMÍNIO DE CORRER, 2 FOLHAS, COM VIDROS, BATENTES E FERRAGENS, SEM CONTRA MARCO REF 94570|M2
13.01.03|JANELAS DE ALUMÍNIO DE CORRER, 3 FOLHAS, 2 VENEZIANAS, 1 COM VIDRO, BATENTES E FERRAGENS, SEM CONTRA MARCO REF 94572|M2
13.01.04|JANELAS DE ALUMÍNIO DE CORRER, 4 FOLHAS, COM VIDROS, BATENTES E FERRAGENS, SEM CONTRA MARCO REF 94573|M2
13.01.05|JANELAS DE ALUMÍNIO DE CORRER, 6 FOLHAS(2 VENEZIANAS FIXAS, 2 DE CORRER, 2 COM VIDRO) BATENTES E FERRAGENS, SEM CONTRA MARCO REF 94580|M2
13.01.10|CONTRAMARCO DE ALUMÍNIO, FIXAÇÃO COM PARAFUSOS REF 94590|M
13.02.01|PORTA DE ALUMÍNIO DE ABRIR COM LAMBRI, FIXAÇÃO COM PARAFUSOS ADP REF 91338|M2
13.31.11|PORTÃO COM TUBOS E TELAS DE AÇO, 1 FOLHA - CHUMBADO EM ESTRUTURA - FORNECIMENTO E INSTALAÇÃO|M2
13.31.12|PORTÃO COM TUBOS E TELAS DE AÇO, 1 FOLHA - SOLDADO EM ESTRUTURA - FORNECIMENTO E INSTALAÇÃO|M2
13.31.13|PORTÃO COM TUBOS E TELAS DE AÇO, 2 FOLHAS - CHUMBADO EM ESTRUTURA - FORNECIMENTO E INSTALAÇÃO|M2
13.31.14|PORTÃO COM TUBOS E TELAS DE AÇO, 2 FOLHAS - SOLDADO EM ESTRUTURA - FORNECIMENTO E INSTALAÇÃO|M2
13.31.51|PORTÃO COM TUBOS (2") E TELAS DE AÇO, 1 FOLHA, 1,10 X 2,25M - PADRÃO SUDECAP - PRODUÇÃO EM SERRALHERIA|UN
13.31.52|PORTÃO COM TUBOS (2") E TELAS DE AÇO, 2 FOLHAS, 3,00 X 2,25M - PADRÃO SUDECAP - PRODUÇÃO EM SERRALHERIA|UN
13.31.53|DOBRADIÇA TUBULAR DE GIRO PARA PORTÃO DE TUBO (2") E TELA DE AÇO|UN
13.38.04|GRADE EM FERRO FIXADO EM VÃOS DE JANELAS ADP REF 99861|M2
13.40.53|BARRA DE APOIO EM AÇO INOX PARA LAVATÓRIO RETANGULAR D=32MM L=49 X 64 X 49CM E= 1,5MM|UN
13.40.55|BARRA DE APOIO EM AÇO INOX PARA LAVATÓRIO DE CANTO D=32MM E= 1,5MM|UN
13.40.56|BARRA DE APOIO EM AÇO INOX RETA D=32MM L=80CM E=1,5MM (ABNT NBR 9050:2020)|UN
13.40.57|BARRA DE APOIO EM AÇO INOX LATERAL COM REFORÇO D=32MM L= 80CM E=1,5MM (ABNT NBR 9050:2020)|UN
13.40.58|BARRA DE APOIO EM AÇO INOX EM "L" D=32MM 70X70CM E=1,5MM (ABNT NBR 9050:2020)|UN
13.40.59|BARRA DE APOIO EM AÇO INOX RETA D=32MM L=40CM E=1,5MM (ABNT NBR 9050:2020)|UN
13.40.65|BARRA APOIO DEFICIENTE TUBO METAL.CROMADO D=1 1/2"|M
13.40.81|GUARDA-CORPO COM PILARETES DE CONCRETO D=150MM A CADA 150CM E 7 TUBOS GALVANIZADO 1 1/4 " E FECHAMENTO INFERIOR EM TELA DE ARAME ONDULADO GALVANIZADO FIO Nº 12, TUBO INDUSTRIAL CHAPA 14 - 2,00M|M
13.40.82|GUARDA CORPO MODELO “TUBOS VERTICAIS”, COM MONTANTES D=2”, FIXAÇÃO A CADA 144CM, TUBOS VERTICAIS INTERMEDIÁRIOS D= 1 1/4", TUBO INDUSTRIAL CHAPA 16 - 1,50MM|M
13.40.83|GUARDA CORPO MODELO “TUBOS VERTICAIS”, COM MONTANTES D=2”, FIXAÇÃO A CADA 144CM, TUBOS VERTICAIS INTERMEDIÁRIOS D= 1 1/4", CORRIMÃO DUPLO, TUBO INDUSTRIAL CHAPA 16 - 1,50MM|M
13.40.84|GUARDA-CORPO MODELO “TIPO TELA”, COM MONTANTES D=2”, A CADA 100CM E FECHAMENTO EM TELA DE ARAME ONDULADO GALVANIZADO FIO Nº 12, FIXADA COM CANTONEIRAS E BARRAS CHATAS, TUBO INDUSTRIAL CHAPA 16 - 1,50MM|M
13.40.85|GUARDA-CORPO MODELO “TIPO TELA”, COM MONTANTES D=2”, A CADA 100CM E FECHAMENTO EM TELA DE ARAME ONDULADO GALVANIZADO FIO Nº 12, FIXADA COM CANTONEIRAS E BARRAS CHATAS, CORRIMÃO DUPLO, TUBO INDUSTRIAL CHAPA 16 - 1,50MM|M
13.55.01|ALÇAPÃO - 60 X 60CM, CAIXILHO CHAPA 18|UN
13.55.02|ALÇAPÃO - 80 X 80CM, CAIXILHO CHAPA 18|UN
13.55.03|QUADRO COM CANTONEIRAS ABAS IGUAIS 1", 31 X 41CM, CHUMBADOR TIPO CAUDA DE ANDORINHA|UN
13.55.21|ESCADA MARINHEIRO - TUBO GALVANIZADO D=3/4" COM GRADIL - TIPO 2|M
13.55.30|BATE-RODAS EM TUBO GALVANIZADO PINTADO D=3"|UN
13.91.04|ALAMBRADO PARA QUADRA ESPORTIVA, TUBOS HORIZONTAIS DE 2" E MONTANTES DE 3", E=2MM, H ATÉ 5,00M|M2
13.91.05|ALAMBRADO CAMPO DE FUTEBOL - PADRÃO SUDECAP - EM TUBOS DE AÇO GALVANIZADO E TELA DE ARAME GALVANIZADA, ALTURA VARIÁVEL (H= 2,00 A 6,00M) - EXCLUSIVE FUNDAÇÃO|M2
13.93.01|GRELHA DE AÇO 0,5X0,5 (CXL) PARA CAIXA PASSAGEM/INSPEÇÃO DE 0,3X0,3 (CXL)|UN
13.93.02|GRELHA DE AÇO 0,6X0,6 (CXL) PARA CAIXA PASSAGEM/INSPEÇÃO DE 0,4X0,4 (CXL)|UN
13.93.03|GRELHA DE AÇO 0,8X0,8 (CXL) PARA CAIXA PASSAGEM/INSPEÇÃO DE 0,6X0,6 (CXL)|UN
13.93.04|GRELHA DE AÇO 1,0X1,0 (CXL) PARA CAIXA PASSAGEM/INSPEÇÃO DE 0,8X0,8 (CXL)|UN
13.93.05|GRELHA DE AÇO 1,2X1,2 (CXL) PARA CAIXA PASSAGEM/INSPEÇÃO DE 1,0X1,0 (CXL)|UN
14.05.01|CHAPISCO APLICADO MANUALMENTE EM ALVENARIAS E ESTRUTURAS DE CONCRETO INTERNAS, ARGAMASSA 1:3 REF 87879|M2
14.05.02|CHAPISCO APLICADO MANUALMENTE EM ALVENARIAS E ESTRUTURAS DE CONCRETO EXTERNAS, ARGAMASSA 1:3 REF 87905|M2
14.05.22|EMBOÇO EM ARGAMASSA 1:3, APLICADO MANUALMENTE EM PAREDES INTERNAS, ESPESSURA ENTRE 10 E 20 MM REF 87535|M2
14.05.25|EMBOÇO EM ARGAMASSA 1:4, APLICADO MANUALMENTE EM PAREDES INTERNAS, ESPESSURA ENTRE 10 E 20 MM REF 87535|M2
14.05.27|EMBOÇO EM ARGAMASSA 1:3, APLICADO MANUALMENTE EM PAREDES EXTERNAS, ESPESSURA ENTRE 20 E 30 MM ADP REF 104233|M2
14.05.28|EMBOÇO EM ARGAMASSA 1:4, APLICADO MANUALMENTE EM PAREDES EXTERNAS, ESPESSURA ENTRE 20 E 30 MM ADP REF 104233|M2
14.05.29|EMBOÇO OU REBOCO EM ARGAMASSA 1:3, APLICADO MANUALMENTE EM TETOS, ESPESSURA ENTRE 10 E 20 MM REF 90408|M2
14.05.32|REBOCO EM ARGAMASSA 1:3, APLICADO MANUALMENTE EM PAREDES INTERNAS, ESPESSURA ENTRE 10 E 20 MM, SEM APLICAÇÃO DE TELA DE REFORÇO REF 104951|M2
14.05.36|REBOCO EM ARGAMASSA 1:4, APLICADO MANUALMENTE EM PAREDES INTERNAS, ESPESSURA ENTRE 10 E 20 MM, SEM APLICAÇÃO DE TELA DE REFORÇO REF 104951|M2
14.05.37|REBOCO EM ARGAMASSA 1:3, APLICADO MANUALMENTE EM PAREDES EXTERNAS, ESPESSURA ENTRE 20 E 30 MM, COM APLICAÇÃO DE TELA DE REFORÇO REF 104233|M2
14.05.38|REBOCO EM ARGAMASSA 1:4, APLICADO MANUALMENTE EM PAREDES EXTERNAS, ESPESSURA ENTRE 20 E 30 MM, COM APLICAÇÃO DE TELA DE REFORÇO REF 104233|M2
14.05.39|REBOCO EM ARGAMASSA 1:3, APLICADO MANUALMENTE EM PAREDES EXTERNAS, ESPESSURA ENTRE 20 E 30 MM, SEM APLICAÇÃO DE TELA DE REFORÇO ADP REF 104233|M2
14.05.40|REBOCO EM ARGAMASSA 1:4, APLICADO MANUALMENTE EM PAREDES EXTERNAS, ESPESSURA ENTRE 20 E 30 MM, SEM APLICAÇÃO DE TELA DE REFORÇO ADP REF 104233|M2
14.07.02|APLICAÇÃO MANUAL DE GESSO DESEMPENADO EM PAREDES, ESPESSURA 5 MM REF 87418|M2
14.07.03|APLICAÇÃO MANUAL DE GESSO DESEMPENADO EM TETOS, ESPESSURA 5 MM REF 87411|M2
14.17.22|REVESTIMENTO DE PAREDES INTERNAS, COM CERÂMICA EXTRA, DIMENSÕES APROXIMADAS DE 30 X 60CM, APLICADAS A MEIA ALTURA DAS PAREDES REF 87275|M2
14.17.23|REVESTIMENTO DE PAREDES INTERNAS, COM CERÂMICA EXTRA, DIMENSÕES APROXIMADAS DE 30 X 60CM, APLICADAS NA ALTURA INTEIRA DAS PAREDES REF 87273|M2
14.17.24|REVESTIMENTO DE PAREDES INTERNAS, COM CERÂMICA EXTRA, DIMENSÕES APROXIMADAS DE 60 X 60CM, APLICADAS A MEIA ALTURA DAS PAREDES REF 104612|M2
14.17.25|REVESTIMENTO DE PAREDES INTERNAS, COM CERÂMICA EXTRA, DIMENSÕES APROXIMADAS DE 60 X 60CM, APLICADAS NA ALTURA INTEIRA DAS PAREDES REF 104611|M2
14.17.26|REVESTIMENTO DE PAREDES INTERNAS, COM PORCELANATO, DIMENSÕES APROXIMADAS DE 30 X 60CM, APLICADAS A MEIA ALTURA DAS PAREDES REF 87275|M2
14.17.27|REVESTIMENTO DE PAREDES INTERNAS, COM PORCELANATO, DIMENSÕES APROXIMADAS DE 30 X 60CM, APLICADAS NA ALTURA INTEIRA DAS PAREDES REF 87273|M2
14.17.28|REVESTIMENTO DE PAREDES INTERNAS, COM PORCELANATO, DIMENSÕES APROXIMADAS DE 60 X 60CM, APLICADAS A MEIA ALTURA DAS PAREDES REF 104612|M2
14.17.29|REVESTIMENTO DE PAREDES INTERNAS, COM PORCELANATO, DIMENSÕES APROXIMADAS DE 60 X 60CM, APLICADAS NA ALTURA INTEIRA DAS PAREDES REF 104611|M2
14.17.30|REVESTIMENTO DE PAREDES EXTERNAS COM PLACAS CERÂMICAS, 10 X 10CM, REF 104588|M2
14.17.31|REVESTIMENTO DE PAREDES EXTERNAS COM PLACAS CERÂMICAS, 7 X 26CM, REF 104588|M2
14.21.05|ARDOSIA 40 X 40 CM|M2
14.21.10|MARMORE BRANCO NACIONAL, E= 2 CM|M2
14.21.11|GRANITO CINZA CORUMBA E=2CM|M2
14.35.02|CANTONEIRA DE ALUMÍNIO PARA ACABAMENTO DE QUINA DS-020|M
15.02.05|PISO DE TRANSIÇÃO, E= 6,0CM, SEM JUNTA FCK>= 20MPA (MANUAL)|M2
15.02.07|PISO DE TRANSIÇÃO, E= 8,0CM, SEM JUNTA FCK >= 20MPA (MANUAL)|M2
15.02.09|PISO DE TRANSIÇÃO, E= 10,0CM, SEM JUNTA FCK >= 20MPA|M2
15.02.15|PISO DE TRANSIÇÃO, E= 6,0CM, COM JUNTA DE MADEIRA DE 2 X 2M|M2
15.02.17|PISO DE TRANSIÇÃO, E= 8,0CM, COM JUNTA DE MADEIRA DE 2 X 2M|M2
15.02.19|PISO DE TRANSIÇÃO, E= 10,0CM, COM JUNTA DE MADEIRA DE 2 X 2M|M2
15.04.05|CONTRAPISO DESEMPENADO, COM ARGAMASSA 1:3 SEM JUNTA, E= 2,0CM|M2
15.04.06|CONTRAPISO DESEMPENADO, COM ARGAMASSA 1:3 SEM JUNTA, E= 2,5CM|M2
15.04.07|CONTRAPISO DESEMPENADO, COM ARGAMASSA 1:3 SEM JUNTA, E= 3,0CM|M2
15.05.06|PISO CIMENTO DESEMPENADO FELTRADO, ARGAMASSA 1:3, E= 2,5CM, COM JUNTA DE 2 X 2M|M2
15.05.07|PISO CIMENTO DESEMPENADO FELTRADO, ARGAMASSA 1:3, E= 3,0CM, COM JUNTA DE 2 X 2M|M2
15.05.16|PISO CIMENTO DESEMPENADO FELTRADO, ARGAMASSA 1:3, E= 2,5CM, COM JUNTA DE 1 X 1M|M2
15.05.17|PISO CIMENTO DESEMPENADO FELTRADO, ARGAMASSA 1:3, E= 3,0CM, COM JUNTA DE 1 X 1M|M2
15.05.26|PISO CIMENTO DESEMPENADO FELTRADO, ARGAMASSA 1:3, E= 2,5CM, COM JUNTA DE 0,60 X 0,60M|M2
15.05.27|PISO CIMENTO DESEMPENADO FELTRADO, ARGAMASSA 1:3, E= 3,0CM, COM JUNTA DE 0,60 X 0,60M|M2
15.06.05|PISO CIMENTADO NATADO COM ARGAMASSA 1:3, SEM JUNTA, E= 2,0CM|M2
15.06.06|PISO CIMENTADO NATADO COM ARGAMASSA 1:3, SEM JUNTA, E= 2,5CM|M2
15.06.07|PISO CIMENTADO NATADO COM ARGAMASSA 1:3, SEM JUNTA, E= 3,0CM|M2
15.07.06|PISO CIMENTADO NATADO COM ARGAMASSA 1:3, E= 2,5CM COM JUNTA DE 2 X 2M|M2
15.07.07|PISO CIMENTADO NATADO COM ARGAMASSA 1:3, E= 3,0CM COM JUNTA DE 2 X 2M|M2
15.07.16|PISO CIMENTADO NATADO COM ARGAMASSA 1:3, E= 2,5CM COM JUNTA DE 1 X 1M|M2
15.07.17|PISO CIMENTADO NATADO COM ARGAMASSA 1:3, E= 3,0CM COM JUNTA DE 1 X 1M|M2
15.07.26|PISO CIMENTADO NATADO COM ARGAMASSA 1:3, E= 2,5CM COM JUNTA DE 0,60 X 0,60M|M2
15.07.27|PISO CIMENTADO NATADO COM ARGAMASSA 1:3, E= 3,0CM COM JUNTA DE 0,60 X 0,60M|M2
15.08.01|PISO CIMENTADO ACABAMENTO LISO, ARGAMASSA 1:3, JUNTA SECA, E= 2,0CM|M2
15.08.02|PISO CIMENTADO ACABAMENTO LISO, ARGAMASSA 1:3, JUNTA SECA, E= 3,0CM|M2
15.15.05|TACO DE IPÊ EXTRA 7 X 21 CM|M2
15.17.23|ASSENTAMENTO PISO CERÂMICO, PLACAS ATÉ 2025 CM2, EM AMBIENTES DE ÁREA MENOR QUE 5 M2 REF 87246|M2
15.17.24|ASSENTAMENTO PISO CERÂMICO, PLACAS ATÉ 2025 CM2, EM AMBIENTES DE ÁREA ENTRE 5 E 10 M2 REF 87247|M2
15.17.25|ASSENTAMENTO PISO CERÂMICO, PLACAS ATÉ 2025 CM2, EM AMBIENTES DE ÁREA MAIOR QUE 10 M2 REF 87248|M2
15.20.05|PISO DE ARDÓSIA 40 X 40CM|M2
15.20.07|PISO DE MÁRMORE BRANCO NACIONAL E= 2CM|M2
15.20.09|PISO DE MÁRMORE BRANCO NACIONAL E= 3CM|M2
15.22.05|PISO DE LADRILHO HIDRÁULICO 20 X 20CM, NA COR NATURAL|M2
15.22.10|PISO DE LADRILHO HIDRÁULICO 20 X 20CM, DIRECIONAL EM COR AMARELA/VERMELHA|M2
15.22.11|PISO DE LADRILHO HIDRÁULICO 20 X 20CM, TATIL EM COR AMARELA/VERMELHA|M2
15.25.05|PISO VINÍLICO 30 X 30 CM E= 2MM FIXADO COM COLA|M2
15.25.25|PISO DE BORRACHA PASTILHADO 50X50CMX3MM COM COLA PLURIGOMA|M2
15.25.26|PISO DE BORRACHA RECICLADA COR PRETA (PLAYGROUND) 50x50CM 15MM|M2
15.25.27|PISO EM BORRACHA MONOLÍTICA, 70MM, BASE PRETA 60MM E CAMADA PIGMENTADA 10MM|M2
15.25.28|PISO DE BORRACHA PASTILHADO 100X100CMX50MM COM COLA PLURIGOMA REF SUDECAP 15.25.26|M2
15.33.05|PISO DE TIJOLO CERÂMICO MACIÇO PRENSADO, TIPO MORGAN OU EQUIVALENTE|M2
15.35.01|PASSEIO / PISO DE CONCRETO, 20MPA, H=6CM, JUNTA MANUAL A CADA 2M|M2
15.35.02|PASSEIO / PISO DE CONCRETO, 20MPA, H=8CM (CONCRETO 6CM, ARGAMASSA 2CM), JUNTA MANUAL A CADA 2M|M2
15.35.03|PASSEIO / PISO DE CONCRETO ARMADO, 20MPA, H=8CM, JUNTA MANUAL A CADA 2M|M2
15.35.04|PASSEIO / PISO DE CONCRETO USINADO ARMADO, 20MPA, H=8CM, JUNTA SERRADA A CADA 3M|M2
15.35.05|PASSEIO / PISO DE CONCRETO ARMADO POLIDO, 30MPA, H=8CM, JUNTA SERRADA A CADA 3M|M2
15.35.34|APLICAÇÃO DE LONA PLÁSTICA (150 MICRA) PARA EXECUÇÃO DE PAVIMENTOS DE CONCRETO REF 97113|M2
15.35.35|APLICAÇÃO DE LONA PLÁSTICA (200 MICRA) PARA EXECUÇÃO DE PAVIMENTOS DE CONCRETO REF 97113|M2
15.37.05|CALÇADA PORTUGUESA - FORNECIMENTO E ASSENTAMENTO, INCLUSIVE COLCHÃO|M2
15.37.10|REMOÇÃO E REASSENTAMENTO DE CALÇADA PORTUGUESA|M2
15.40.04|RODAPÉ DE SUCUPIRA OU IPÊ H= 7CM|M
15.46.02|RODAPÉ DE ARDÓSIA H= 5CM|M
15.46.04|RODAPÉ DE ARDÓSIA H= 7CM|M
15.46.08|RODAPÉ DE MÁRMORE BRANCO, H= 7CM|M
15.48.02|RODAPÉ DE ARGAMASSA 1:3, H= 5CM|M
15.48.04|RODAPÉ DE ARGAMASSA 1:3, H= 7CM|M
15.54.02|SOLEIRA DE MÁRMORE BRANCO, E= 2CM|M2
15.54.03|SOLEIRA DE MÁRMORE BRANCO, E= 3CM|M2
15.54.05|SOLEIRA DE ARDÓSIA, E= 2CM|M2
15.54.07|SOLEIRA DE GRANITO CINZA CORUMBÁ E= 2CM|M2
15.58.02|PEITORIL DE MÁRMORE BRANCO, E= 2CM|M2
15.58.03|PEITORIL DE MÁRMORE BRANCO, E= 3CM|M2
15.58.05|PEITORIL DE ARDÓSIA, E= 2CM|M2
15.60.20|PEITORIL DE CONCRETO, FCK >= 20MPA, L= 20CM|M
15.60.25|PEITORIL DE CONCRETO, FCK >= 20MPA, L= 25CM|M
15.60.36|PEITORIL DE CONCRETO, FCK >= 20MPA, L= 36CM|M
15.60.40|PEITORIL DE CONCRETO, FCK >= 20MPA, L= 40CM|M
15.60.56|PEITORIL DE CONCRETO, FCK >= 20MPA, L= 56CM|M
15.60.60|PEITORIL DE CONCRETO, FCK >= 20MPA, PARA J1, COM C=2,20M|M
15.60.61|PEITORIL DE CONCRETO, FCK >= 20MPA, PARA J7, COM C=3,20M|M
15.63.01|LANÇAMENTO, ESPALHAMENTO E COMPACTAÇÃO DE SOLO EM ÁREA DE PASSEIO|M3
16.02.01|VIDRO LISO INCOLOR, E = 4 MM, EM ESQUADRIA DE ALUMÍNIO OU PVC, FIXADO COM BAGUETE, FORNECIMENTO E INSTALAÇÃO REF 102162|M2
16.02.04|VIDRO LISO INCOLOR, E = 5 MM, EM ESQUADRIA DE ALUMÍNIO OU PVC, FIXADO COM BAGUETE, FORNECIMENTO E INSTALAÇÃO REF 102164|M2
16.02.05|VIDRO LISO INCOLOR, E = 6 MM, EM ESQUADRIA DE ALUMÍNIO OU PVC, FIXADO COM BAGUETE, FORNECIMENTO E INSTALAÇÃO REF 102166|M2
16.02.20|VIDRO IMPRESSO, E = 4 MM, EM ESQUADRIA DE ALUMÍNIO OU PVC, FIXADO COM BAGUETE, FORNECIMENTO E INSTALAÇÃO REF 102170|M2
16.02.30|VIDRO ARAMADO, E = 6 MM, EM ESQUADRIA DE ALUMÍNIO OU PVC, FIXADO COM BAGUETE, FORNECIMENTO E INSTALAÇÃO REF 102171|M2
16.02.31|VIDRO ARAMADO, E = 7 MM, EM ESQUADRIA DE ALUMÍNIO OU PVC, FIXADO COM BAGUETE, FORNECIMENTO E INSTALAÇÃO REF 102172|M2
16.02.40|VIDRO LAMINADO, E = 8 MM, FIXADO COM SILICONE ESTRUTURAL EM CORTINA DE VIDRO, FORNECIMENTO E INSTALAÇÃO ADP REF 102173|M2
16.02.41|VIDRO LAMINADO, E = 12 MM, FIXADO COM SILICONE ESTRUTURAL EM CORTINA DE VIDRO, FORNECIMENTO E INSTALAÇÃO ADP REF 102174|M2
16.02.42|VIDRO LAMINADO, E = 15 MM, FIXADO COM SILICONE ESTRUTURAL EM CORTINA DE VIDRO, FORNECIMENTO E INSTALAÇÃO ADP REF 102175|M2
16.02.43|VIDRO LAMINADO, E = 8 MM, ENCAIXADO EM PERFIL U, FORNECIMENTO E INSTALAÇÃO ADP REF 102176|M2
16.02.44|VIDRO LAMINADO, E = 12 MM, ENCAIXADO EM PERFIL U, FORNECIMENTO E INSTALAÇÃO ADP REF 102177|M2
16.02.45|VIDRO LAMINADO, E = 15 MM, ENCAIXADO EM PERFIL U, FORNECIMENTO E INSTALAÇÃO REF 102178|M2
16.02.50|VIDRO TEMPERADO, E = 6 MM, ENCAIXADO EM PERFIL U, FORNECIMENTO E INSTALAÇÃO REF 102179|M2
16.02.51|VIDRO TEMPERADO, E = 8 MM, ENCAIXADO EM PERFIL U, FORNECIMENTO E INSTALAÇÃO REF 102180|M2
16.02.52|VIDRO TEMPERADO, E = 10 MM, ENCAIXADO EM PERFIL U, FORNECIMENTO E INSTALAÇÃO REF 102181|M2
16.20.20|ESPELHO CRISTAL, E = 4 MM, APARAFUSADO, ÁREA MENOR OU IGUAL A 1,0 M2, FORNECIMENTO E INSTALAÇÃO REF 102143|M2
16.20.30|ESPELHO CRISTAL, E = 4 MM, ADERIDO COM ADESIVO FIXA-ESPELHO E FITA DUPLA-FACE, FORNECIMENTO E INSTALAÇÃO ADP REF 102146|M2
16.20.40|ESPELHO CRISTAL, E = 4 MM, ADERIDO COM ADESIVO FIXA-ESPELHO, FORNECIMENTO E INSTALAÇÃO ADP REF 102147|M2
17.03.01|EMASSAMENTO COM MASSA ACRÍLICA E LIXAMENTO EM PAREDES EXTERNAS, UMA DEMÃO, ADP REF 96130|M2
17.03.02|EMASSAMENTO COM MASSA ACRÍLICA E LIXAMENTO EM PAREDES EXTERNAS, DUAS DEMÃOS, ADP REF 96135|M2
17.03.05|APLICAÇÃO MANUAL DE FUNDO SELADOR ACRÍLICO EM PAREDES EXTERNAS REF 88415|M2
17.03.07|APLICAÇÃO MANUAL DE FUNDO PREPARADOR DE SUPERFÍCIE EM PAREDES EXTERNAS REF 88415|M2
17.03.21|PINTURA COM TINTA ACRÍLICA FOSCA EM PAREDES EXTERNAS, APLICAÇÃO MANUAL, DUAS DEMÃOS REF 95626|M2
17.03.26|PINTURA COM TINTA ACRÍLICA SEMI BRILHO EM PAREDES EXTERNAS, APLICAÇÃO MANUAL, DUAS DEMÃOS REF 95626|M2
17.03.27|PINTURA COM ESMALTE SINTÉTICO ALTO BRILHO EM PAREDES EXTERNAS, APLICAÇÃO MANUAL, DUAS DEMÃOS REF 95626|M2
17.04.01|EMASSAMENTO COM MASSA PVA E LIXAMENTO EM TETOS DE ÁREAS INTERNAS, UMA DEMÃO REF 88494|M2
17.04.02|EMASSAMENTO COM MASSA PVA E LIXAMENTO EM TETOS DE ÁREAS INTERNAS, DUAS DEMÃOS REF 88496|M2
17.04.03|EMASSAMENTO COM MASSA PVA E LIXAMENTO EM PAREDES INTERNAS, UMA DEMÃO REF 88495|M2
17.04.04|EMASSAMENTO COM MASSA PVA E LIXAMENTO EM PAREDES INTERNAS, DUAS DEMÃOS REF 88497|M2
17.04.05|APLICAÇÃO MANUAL DE FUNDO SELADOR ACRÍLICO EM TETOS DE ÁREAS INTERNAS REF 88484|M2
17.04.06|APLICAÇÃO MANUAL DE FUNDO SELADOR ACRÍLICO EM PAREDES INTERNAS REF 88485|M2
17.04.07|APLICAÇÃO MANUAL DE FUNDO PREPARADOR EM TETOS DE ÁREAS INTERNAS REF 88484|M2
17.04.08|APLICAÇÃO MANUAL DE FUNDO PREPARADOR EM PAREDES INTERNAS REF 88485|M2
17.04.21|PINTURA COM TINTA ACRÍLICA FOSCA EM TETOS DE ÁREAS INTERNAS, APLICAÇÃO MANUAL, DUAS DEMÃOS REF 88488|M2
17.04.22|PINTURA COM TINTA ACRÍLICA FOSCA EM PAREDES INTERNAS, APLICAÇÃO MANUAL, DUAS DEMÃOS REF 88489|M2
17.04.26|PINTURA COM TINTA ACRÍLICA SEMI BRILHO EM TETOS DE ÁREAS INTERNAS, APLICAÇÃO MANUAL, DUAS DEMÃOS REF 88488|M2
17.04.27|PINTURA COM TINTA ACRÍLICA SEMI BRILHO EM PAREDES INTERNAS, APLICAÇÃO MANUAL, DUAS DEMÃOS REF 88489|M2
17.04.28|PINTURA COM ESMALTE SINTÉTICO ACETINADO EM PAREDES INTERNAS, APLICAÇÃO MANUAL, DUAS DEMÃOS REF 88489|M2
17.06.01|PREPARO DO PISO CIMENTADO PARA PINTURA - LIXAMENTO E LIMPEZA REF 102488|M2
17.06.11|PINTURA DE PISO COM TINTA EPÓXI, APLICAÇÃO MANUAL, 2 DEMÃOS, INCLUSO PRIMER EPÓXI REF 102494|M2
17.06.21|PINTURA DE PISO COM TINTA ACRÍLICA, APLICAÇÃO MANUAL, 2 DEMÃOS, INCLUSO FUNDO PREPARADOR REF 102491|M2
17.06.22|PINTURA DE PISO COM TINTA ACRÍLICA, APLICAÇÃO MANUAL, 3 DEMÃOS, INCLUSO FUNDO PREPARADOR REF 102492|M2
17.06.31|PINTURA DE MEIO FIO, COM TINTA ACRÍLICA, DUAS DEMÃOS|M
17.08.01|PREPARO DA SUPERFÍCIE METÁLICA PARA PINTURA - LIXAMENTO MANUAL REF 100717|M2
17.08.11|APLICAÇÃO MANUAL DE FUNDO (TIPO ZARCÃO) EM SUPERFÍCIES METÁLICAS (POR DEMÃO) REF 100722|M2
17.08.21|PINTURA COM ESMALTE SINTÉTICO FOSCO 2 EM 1 (FUNDO E ACABAMENTO) EM SUPERFÍCIE METÁLICA, APLICAÇÃO MANUAL, (POR DEMÃO) REF 100726|M2
17.08.22|PINTURA COM ESMALTE SINTÉTICO FOSCO EM SUPERFÍCIE METÁLICA, APLICAÇÃO MANUAL, DUAS DEMÃOS REF 100762|M2
17.08.23|PINTURA COM ESMALTE SINTÉTICO ACETINADO EM SUPERFÍCIE METÁLICA, EXCETO PERFIL, APLICAÇÃO MANUAL, DUAS DEMÃOS REF 100758|M2
17.08.24|PINTURA COM ESMALTE SINTÉTICO ALTO BRILHO EM SUPERFÍCIE METÁLICA, EXCETO PERFIL, APLICAÇÃO MANUAL, DUAS DEMÃOS REF 100760|M2
17.10.01|PREPARO DE SUPERFÍCIE DE MADEIRA PARA PINTURA - LIXAMENTO MANUAL REF 102193|M2
17.10.02|LIXAMENTO + APLICAÇÃO DE FUNDO PREPARADOR EM SUPERFÍCIE DE MADEIRA REF 102197|M2
17.10.03|LIXAMENTO + APLICAÇÃO DE MASSA ACRÍLICA EM SUPERFÍCIE DE MADEIRA REF 102201|M2
17.10.11|APLICAÇÃO MANUAL DE VERNIZ SINTÉTICO EM SUPERFÍCIES DE MADEIRA, DUAS DEMÃOS REF 102213|M2
17.10.12|APLICAÇÃO MANUAL DE VERNIZ POLIURETÂNICO EM SUPERFÍCIES DE MADEIRA, DUAS DEMÃOS REF 102215|M2
17.10.13|APLICAÇÃO MANUAL DE PINTURA IMUNIZANTE EM SUPERFÍCIES DE MADEIRA, DUAS DEMÃOS REF 102234|M2
17.10.21|PINTURA COM ESMALTE SINTÉTICO FOSCO EM SUPERFÍCIE DE MADEIRA, APLICAÇÃO MANUAL, DUAS DEMÃOS REF 102218|M2
17.10.22|PINTURA COM ESMALTE SINTÉTICO ACETINADO EM SUPERFÍCIE DE MADEIRA, APLICAÇÃO MANUAL, DUAS DEMÃOS REF 102219|M2
17.10.23|PINTURA COM ESMALTE SINTÉTICO ALTO BRILHO EM SUPERFÍCIE DE MADEIRA, APLICAÇÃO MANUAL, DUAS DEMÃOS REF 102220|M2
17.44.01|POLIMENTO, INCLUSIVE ESTUCAMENTO DE CONCRETO APARENTE|M2
17.44.03|VERNIZ ACRÍLICO SOBRE CONCRETO APARENTE - 2 DEMÃOS|M2
17.44.05|SILICONE SOBRE CONCRETO|M2
17.44.07|SILICONE SOBRE ALVENARIA, PEDRA OU CERÂMICOS|M2
18.02.05|TRAVE FUTEBOL DE SALÃO D= 76MM COM REDE NYLON DUPLO|UN
18.02.08|TRAVE FUTEBOL DE CAMPO D= 100MM COM REDE NYLON DUPLO|UN
18.02.13|REDE VÔLEI COM MASTROS D= 76MM|CJ
18.02.17|REDE DE PETECA COM MASTROS D= 76MM|CJ
18.02.23|TABELA BASQUETE OFICIAL COM ESTRUTURA SUPORTE PISO|UN
18.05.03|PLACAS DE DENOMINAÇÃO DE RUA, EM FERRO ESMALTADO 45 X 20CM|UN
18.05.05|PLACAS DE INAUGURAÇÃO, EM ALUMÍNIO FUNDIDO 60 X 40CM|UN
18.05.17|PLACAS DE ALUMÍNIO FUNDIDO 3 X 3CM COM NUMERAÇÃO DE PORTA|UN
18.05.21|CHAPINHA DE ALUMÍNIO/LATÃO, D= 3CM, COM Nº IMPRESSO|UN
18.05.22|PLACA ALUMÍNIO ANODIZADO NATURAL 25 X 25CM, E= 1,5MM PARA IDENTIFICAÇÃO|UN
18.05.23|PLACA CHAPA AÇO ESCOVADO 25 X 12CM, E=1,0MM PARA IDENTIFICAÇÃO|UN
18.05.24|PLACA ALUMÍNIO ANODIZADO 70 X 61CM ,FIXADA COM METALON COM 6 INDICADORES|UN
18.05.25|PLACA 1,20 X 1,30M COM MOLDURA, TUBO D= 50MM CHAPA 50CM|UN
18.05.26|PLACA 1,20 X 1,30M COM MOLDURA, TUBO D= 50MM CHAPA 90CM|UN
18.05.27|PLACA CHAPA INOX ESCOVADO 70 X 28CM COM 2 INDICADORES FIXADA EM LAJE|UN
18.05.28|PLACA CHAPA INOX ESCOVADO 70 X 44CM COM 3 INDICADORES FIXADA EM LAJE|UN
18.05.29|PLACA ALUMÍNIO 15 X 15CM, COM PICTOGRAMA PELÍCULA ADESIVA|UN
18.05.60|INSTALAÇÃO PLACA DE IDENTIFICAÇÃO DE LOGRADOURO TIPO A - 600 MM X 300 MM - PADRAO SUDECAP|UN
18.05.61|INSTALAÇÃO PLACA DE IDENTIFICAÇÃO DE LOGRADOURO TIPO B - 600 MM X 350 MM - PADRAO SUDECAP|UN
18.05.62|INSTALAÇÃO DE ABRAÇADEIRA BIPARTIDA EM ALUMINIO PARA PLACA DE LOGRADOURO - PADRAO SUDECAP|UN
18.05.63|INSTALAÇÃO DE TUBO GALVANIZADO A FOGO PARA INSTALAÇÃO DE PLACA DE LOGRADOURO - PADRAO SUDECAP|UN
18.05.64|REMOÇÃO PLACA DE IDENTIFICAÇÃO DE LOGRADOURO TIPO A - 600 MM X 300 MM OU TIPO B - 600 MM X 350 MM|UN
18.05.65|REMOÇÃO DE ABRAÇADEIRA BIPARTIDA EM ALUMINIO PARA PLACA DE LOGRADOURO|UN
18.05.66|REMOÇÃO DE TUBO GALVANIZADO A FOGO PARA INSTALAÇÃO DE PLACA DE LOGRADOURO|UN
18.05.67|REINSTALAÇÃO PLACA DE IDENTIFICAÇÃO DE LOGRADOURO TIPO A - 600 MM X 300 MM OU TIPO B - 600 MM X 350 MM|UN
18.05.68|REINSTALAÇÃO DE ABRAÇADEIRA BIPARTIDA EM ALUMINIO PARA PLACA DE LOGRADOURO|UN
18.06.01|PLACA TÁTIL EM BRAILLE ACRÍLICO 30 X 10CM <= 3 PALAVRAS|UN
18.06.02|PLACA TÁTIL EM BRAILLE ACRÍLICO 30 X 10CM (PALAVRA/SÍMBOLO)|UN
18.06.04|PLACA TÁTIL EM BRAILLE ACRÍLICO 20 X 8CM (1 PALAVRA)|UN
18.06.05|PLACA TÁTIL EM BRAILLE ALUMÍNIO 7 X 4CM (EX.: ANDARES:T,1,2)|UN
18.06.06|PLACA EM BRAILLE ALUMÍNIO 10 X 3CM CORRIMÃO (EX:INÍCIO/FIM)|UN
18.06.07|PLACA EM BRAILLE ALUMÍNIO 10 X 3CM CORRIMÃO (EX:ANDAR 2)|UN
18.06.20|ANEL PARA CORRIMÃO PLÁSTICO EM ABS PRETO OU CINZA|UN
18.06.21|ANEL PLÁSTICO ABS CROMADO PARA CORRIMÃO|UN
18.06.22|ANEL DE BORRACHA FLEXÍVEL PRETO PARA CORRIMÃO|UN
18.06.30|FAIXA PARA DEGRAUS 3 X 20CM CORES AMARELO, AZUL, PRETO|UN
18.06.31|FAIXA PARA DEGRAUS REFLETIVA 3 X 20CM|UN
18.08.05|BANCADA DE CONCRETO APOIADA EM PAREDES|M2
18.08.08|BANCADA DE CONCRETO APOIADA EM CONSOLE DE METALON|M2
18.08.27|BANCADA DE MÁRMORE BRANCO E= 2CM, APOIADA EM CONSOLE METALON|M2
18.08.31|BANCADA DE ARDÓSIA E= 2CM, APOIADA EM CONSOLE METALON|M2
18.08.33|BANCADA DE ARDÓSIA E= 2CM, APOIADA EM PAREDES|M2
18.08.39|BANCADA DE GRANITO CINZA CORUMBÁ E= 2CM, APOIADA EM CONSOLE METALON|M2
18.08.41|BANCADA DE GRANITO CINZA CORUMBÁ E= 2CM, APOIADA EM PAREDES|M2
18.08.86|RODABANCA EM ARDÓSIA, E= 2CM, H= 7CM|M
18.08.92|RODABANCA EM MÁRMORE BRANCO, E= 2CM, H= 7CM|M
18.08.97|RODABANCA EM GRANITO CINZA CORUMBÁ, E= 2CM, H= 10CM|M
18.09.09|PRATELEIRA DE ARDÓSIA, E= 2CM, FIXADA EM PAREDES|M2
18.09.10|PRATELEIRA DE ARDOSIA, E= 2CM, APOIADA EM CONSOLE DE METALON|M2
18.09.12|PRATELEIRA DE MÁRMORE DE BRANCO, E= 2CM, APOIADA EM CONSOLE METALON|M2
18.09.13|PRATELEIRA DE GRANITO CINZA CORUMBÁ, E= 2CM, EMBUTIDA EM PAREDE|M2
18.09.16|PRATELEIRA DE CONCRETO APOIADA EM CONSOLE METALON 20X30MM|M2
18.10.02|BANCO DE 150 CM DE CONCRETO MOLDADO IN LOCO|UN
18.10.03|BANCO DE 150 CM DE CONCRETO PRÉ-FABRICADO, EXCLUSIVE FIXAÇÃO|UN
18.10.11|BANCO DE PLACA DE CONCRETO DIMENSÕES 240 CM X 45 CM X 46 CM SOBRE SOLO|UN
18.10.12|BANCO DE PLACA DE CONCRETO DIMENSÕES 240 CM X 45 CM X 46 CM SOBRE PISO DE CONCRETO EXISTENTE|UN
18.10.13|BANCO LINEAR DE CONCRETO E ALVENARIA SOBRE SOLO|M
18.10.14|BANCO LINEAR DELIMITADOR DE CONCRETO|M
18.10.54|CONJUNTO DE CONCRETO PRÉ FABRICADO DE MESA PARA JOGOS E 2 BANCOS|CJ
18.10.55|CONJUNTO ACESSÍVEL DE CONCRETO PRÉ-FABRICADO DE MESA PARA JOGOS E 2 BANCOS|CJ
18.41.01|ROTAÇÃO DIAGONAL DUPLA - APARELHO TRIPLO CONJUGADO|UN
18.41.04|ESQUI TRIPLO CONJUGADO|UN
18.41.05|SIMULADOR DE CAMINHADA TRIPLO CONJUGADO|UN
18.41.06|SIMULADOR DE CAVALGADA TRIPLO CONJUGADO|UN
18.41.07|SIMULADOR DE REMO (REMADA SENTADA)|UN
18.51.01|MODULO PLAYGROUND COMPLETO (ESCORREGADOR, GAIOLA E BALANÇO) PADRÃO SUDECAP- EXCETO FUNDAÇÃO|UN
18.51.02|MODULO PLAYGROUND MOD 1 (ESCORREGADOR) PADRÃO SUDECAP - EXCETO FUNDAÇÃO|UN
18.51.03|MODULO PLAYGROUND MOD 2 (ESCORREGADOR E GAIOLA) PADRÃO SUDECAP - EXCETO FUNDAÇÃO|UN
18.51.04|MODULO PLAYGROUND MOD 3 (ESCORREGADOR E BALANÇO) PADRÃO SUDECAP - EXCETO FUNDAÇÃO|UN
18.52.27|AMARELINHA - PINTADA NO PISO|UN
18.71.01|MEIO FIO EM CONCRETO PRE-MOLDADO FCK>=20MPA, PADRÃO SUDECAP TIPO A, 30 X 14,2/12 (H X L1/L2), COMPRIMENTO 80 CM|M
18.71.02|MEIO FIO EM CONCRETO PRE-MOLDADO FCK>=20MPA, PADRÃO SUDECAP TIPO B, 40 X 15/12 (H X L1/L2), COMPRIMENTO 80CM|M
18.71.03|CORDÃO DE TIJOLOS MACIÇOS - CUTELO - CHAPISCADOS|M
18.71.10|CORDÃO DE CONCRETO PRÉ-FABRICADO BOLEADO 10 X 10CM|M
18.71.11|DELIMITADOR FÍSICO DE CONCRETO PRÉ FABRICADO|M
18.72.01|REMOÇÃO E REASSENTAMENTO DE MEIO-FIO PRÉ-MOLDADO DE CONCRETO|M
18.72.02|REMOÇÃO E REASSENTAMENTO DE MEIO-FIO DE PEDRA|M
18.73.01|CHAPÉU DE MURO PADRÃO SUCECAP|M
18.74.06|CERCA DE ALVENARIA COM MOURÃO DE PONTA VIRADA E TELA GALVANIZADA #2" FIO 12 E 4 FIOS ARAME FARPADO|M
18.74.07|CERCA COM MOURÃO DE PONTA VIRADA E TELA GALVANIZADA #2" FIO 12 E 4 FIOS ARAME FARPADO|M
18.74.08|CERCA PEÇA 5X5 CADA 2,00M E 5 FIOS ARAME GALVANIZADO|M
18.76.01|CESTO COLETOR RESÍDUO (LIXEIRA) METÁLICO CILINDRICO DIÂMETRO 220 MM, PADRÃO SLU MC22|UN
18.76.02|CESTO COLETOR RESÍDUO (LIXEIRA) METÁLICO CILINDRICO DIÂMETRO 250 MM, PADRÃO SLU MC25|UN
18.76.03|CESTO COLETOR RESÍDUO (LIXEIRA) METÁLICO SIMPLES QUADRADO PADRÃO SLU MQS|UN
18.76.04|CESTO COLETOR RESÍDUO (LIXEIRA) METÁLICO DUPLO QUADRADO PADRÃO SLU MQD|UN
19.03.01|TUBO CORRUGADO DE PEAD NÃO PERFURADO, PAREDE DUPLA, DN 300 MM, COM JUNTA ELÁSTICA INTEGRADA, FORNECIMENTO E ASSENTAMENTO REF 94871|M
19.03.04|TUBO CORRUGADO DE PEAD NÃO PERFURADO, PAREDE DUPLA, DN 600 MM, COM JUNTA ELÁSTICA INTEGRADA, FORNECIMENTO E ASSENTAMENTO REF 90708|M
19.03.08|TUBO CORRUGADO DE PEAD NÃO PERFURADO, PAREDE DUPLA, DN 1200 MM, COM JUNTA ELÁSTICA INTEGRADA, FORNECIMENTO E ASSENTAMENTO REF 94881|M
19.03.10|TUBO CORRUGADO DE PEAD NÃO PERFURADO, PAREDE DUPLA, DN 400 MM, COM JUNTA ELÁSTICA INTEGRADA, FORNECIMENTO E ASSENTAMENTO|M
19.03.11|TUBO CORRUGADO DE PEAD NÃO PERFURADO, PAREDE DUPLA, DN 800 MM, COM JUNTA ELÁSTICA INTEGRADA, FORNECIMENTO E ASSENTAMENTO REF 94875|M
19.04.01|TUBO DE CONCRETO PARA REDES COLETORAS DE ÁGUAS PLUVIAIS, DN 400 MM, JUNTA RÍGIDA, CLASSE PA-1 - FORNECIMENTO E ASSENTAMENTO REF 92219|M
19.04.02|TUBO DE CONCRETO PARA REDES COLETORAS DE ÁGUAS PLUVIAIS, DN 500 MM, JUNTA RÍGIDA, CLASSE PA-1 - FORNECIMENTO E ASSENTAMENTO REF 92220|M
19.04.03|TUBO DE CONCRETO PARA REDES COLETORAS DE ÁGUAS PLUVIAIS, DN 600 MM, JUNTA RÍGIDA, CLASSE PA-1 - FORNECIMENTO E ASSENTAMENTO REF 92221|M
19.04.05|TUBO DE CONCRETO PARA REDES COLETORAS DE ÁGUAS PLUVIAIS, DN 800 MM, JUNTA RÍGIDA, CLASSE PA-1 - FORNECIMENTO E ASSENTAMENTO REF 92223|M
19.04.07|TUBO DE CONCRETO PARA REDES COLETORAS DE ÁGUAS PLUVIAIS, DN 1000 MM, JUNTA RÍGIDA, CLASSE PA-1 - FORNECIMENTO E ASSENTAMENTO REF 92226|M
19.04.09|TUBO DE CONCRETO PARA REDES COLETORAS DE ÁGUAS PLUVIAIS, DN 1200 MM, JUNTA RÍGIDA, CLASSE PA-1 - FORNECIMENTO E ASSENTAMENTO REF 92829|M
19.04.11|TUBO DE CONCRETO PARA REDES COLETORAS DE ÁGUAS PLUVIAIS, DN 1500 MM, JUNTA RÍGIDA, CLASSE PA-1 - FORNECIMENTO E ASSENTAMENTO REF 92831|M
19.05.01|TUBO DE CONCRETO PARA REDES COLETORAS DE ÁGUAS PLUVIAIS, DN 400 MM, JUNTA RÍGIDA, CLASSE PA-2 - FORNECIMENTO E ASSENTAMENTO REF 92219|M
19.05.02|TUBO DE CONCRETO PARA REDES COLETORAS DE ÁGUAS PLUVIAIS, DN 500 MM, JUNTA RÍGIDA, CLASSE PA-2 - FORNECIMENTO E ASSENTAMENTO REF 92220|M
19.05.03|TUBO DE CONCRETO PARA REDES COLETORAS DE ÁGUAS PLUVIAIS, DN 600 MM, JUNTA RÍGIDA, CLASSE PA-2 - FORNECIMENTO E ASSENTAMENTO REF 92221|M
19.05.05|TUBO DE CONCRETO PARA REDES COLETORAS DE ÁGUAS PLUVIAIS, DN 800 MM, JUNTA RÍGIDA, CLASSE PA-2 - FORNECIMENTO E ASSENTAMENTO REF 92223|M
19.05.07|TUBO DE CONCRETO PARA REDES COLETORAS DE ÁGUAS PLUVIAIS, DN 1000 MM, JUNTA RÍGIDA, CLASSE PA-2 - FORNECIMENTO E ASSENTAMENTO REF 92226|M
19.05.09|TUBO DE CONCRETO PARA REDES COLETORAS DE ÁGUAS PLUVIAIS, DN 1200 MM, JUNTA RÍGIDA, CLASSE PA-2 - FORNECIMENTO E ASSENTAMENTO REF 92829|M
19.05.11|TUBO DE CONCRETO PARA REDES COLETORAS DE ÁGUAS PLUVIAIS, DN 1500 MM, JUNTA RÍGIDA, CLASSE PA-2 - FORNECIMENTO E ASSENTAMENTO REF 92831|M
19.06.03|TUBO DE CONCRETO PARA REDES COLETORAS DE ÁGUAS PLUVIAIS, DN 600 MM, JUNTA RÍGIDA, CLASSE PA-3 - FORNECIMENTO E ASSENTAMENTO REF 92221|M
19.06.05|TUBO DE CONCRETO PARA REDES COLETORAS DE ÁGUAS PLUVIAIS, DN 800 MM, JUNTA RÍGIDA, CLASSE PA-3 - FORNECIMENTO E ASSENTAMENTO REF 92223|M
19.06.07|TUBO DE CONCRETO PARA REDES COLETORAS DE ÁGUAS PLUVIAIS, DN 800 MM, JUNTA RÍGIDA, CLASSE PA-3 - FORNECIMENTO E ASSENTAMENTO REF 92223|M
19.06.09|TUBO DE CONCRETO PARA REDES COLETORAS DE ÁGUAS PLUVIAIS, DN 1200 MM, JUNTA RÍGIDA, CLASSE PA-3 - FORNECIMENTO E ASSENTAMENTO REF 92829|M
19.06.11|TUBO DE CONCRETO PARA REDES COLETORAS DE ÁGUAS PLUVIAIS, DN 1500 MM, JUNTA RÍGIDA, CLASSE PA-3 - FORNECIMENTO E ASSENTAMENTO REF 92831|M
19.07.02|CONCRETO MAGRO PARA BERÇO DE REDE TUBULAR, TRAÇO 1:4,5:4,5, PREPARO MECÂNICO COM BETONEIRA, INCLUI LANÇAMENTO E ACABAMENTO|M3
19.08.03|FORMA PARA BERÇO EM TÁBUA DE MADEIRA SERRADA, 4 APROVEITAMENTOS - FABRICAÇÃO, MONTAGEM E DESMONTAGEM REF 96533|M2
19.08.04|FORMA PARA SERVIÇOS DE DRENAGEM EM CHAPA DE MADEIRA COMPENSADA RESINADA 18MM, 2 APROVEITAMENTOS - FABRICAÇÃO, MONTAGEM E DESMONTAGEM REF 102727|M2
19.10.02|ALA DE REDE TUBULAR, D= 500MM|UN
19.10.03|ALA DE REDE TUBULAR, D= 600MM|UN
19.10.04|ALA DE REDE TUBULAR, D= 700MM|UN
19.10.05|ALA DE REDE TUBULAR, D= 800MM|UN
19.10.06|ALA DE REDE TUBULAR, D= 900MM|UN
19.10.07|ALA DE REDE TUBULAR, D= 1000MM|UN
19.10.08|ALA DE REDE TUBULAR, D= 1100MM|UN
19.10.09|ALA DE REDE TUBULAR, D= 1200MM|UN
19.10.10|ALA DE REDE TUBULAR, D= 1300MM|UN
19.10.11|ALA DE REDE TUBULAR, D= 1500MM|UN
19.11.03|CAIXA PARA BOCA DE LOBO SIMPLES / BLOCO DE CONCRETO|UN
19.11.04|CAIXA PARA BOCA DE LOBO DUPLA / BLOCO DE CONCRETO|UN
19.12.03|ALTEAMENTO DE CAIXA PARA BOCA DE LOBO SIMPLES / BLOCO DE CONCRETO|M
19.12.04|ALTEAMENTO DE CAIXA PARA BOCA DE LOBO DUPLA / BLOCO DE CONCRETO|M
19.13.01|CONJUNTO QUADRO E GRELHA PARA BOCA DE LOBO, TIPO A (FERRO FUNDIDO) - PADRÃO SUDECAP|UN
19.13.02|CONJUNTO QUADRO E GRELHA PARA BOCA DE LOBO, TIPO B (CONCRETO) - PADRÃO SUDECAP|UN
19.14.01|CANTONEIRA PARA BOCA DE LOBO, TIPO A (FERRO FUNDIDO) - PADRÃO SUDECAP|UN
19.14.02|CANTONEIRA PARA BOCA DE LOBO, TIPO B (CONCRETO) - PADRÃO SUDECAP|UN
19.15.02|CAIXA DE PASSAGEM TIPO A, D= 500MM - PADRÃO SUDECAP|UN
19.15.03|CAIXA DE PASSAGEM TIPO A, D= 600MM - PADRÃO SUDECAP|UN
19.15.04|CAIXA DE PASSAGEM TIPO A, D= 700MM - PADRÃO SUDECAP|UN
19.15.05|CAIXA DE PASSAGEM TIPO A, D= 800MM - PADRÃO SUDECAP|UN
19.15.06|CAIXA DE PASSAGEM TIPO A, D= 900MM - PADRÃO SUDECAP|UN
19.15.07|CAIXA DE PASSAGEM TIPO A, D= 1000MM - PADRÃO SUDECAP|UN
19.15.08|CAIXA DE PASSAGEM TIPO A, D= 1100MM - PADRÃO SUDECAP|UN
19.15.09|CAIXA DE PASSAGEM TIPO A, D= 1200MM - PADRÃO SUDECAP|UN
19.15.10|CAIXA DE PASSAGEM TIPO A, D= 1300MM - PADRÃO SUDECAP|UN
19.15.11|CAIXA DE PASSAGEM TIPO A, D= 1500MM - PADRÃO SUDECAP|UN
19.16.02|CAIXA DE PASSAGEM TIPO B, D= 500MM - PADRÃO SUDECAP|UN
19.16.03|CAIXA DE PASSAGEM TIPO B, D= 600MM - PADRÃO SUDECAP|UN
19.16.04|CAIXA DE PASSAGEM TIPO B, D= 700MM - PADRÃO SUDECAP|UN
19.16.05|CAIXA DE PASSAGEM TIPO B, D= 800MM - PADRÃO SUDECAP|UN
19.16.06|CAIXA DE PASSAGEM TIPO B, D= 900MM - PADRÃO SUDECAP|UN
19.16.07|CAIXA DE PASSAGEM TIPO B, D= 1000MM - PADRÃO SUDECAP|UN
19.16.08|CAIXA DE PASSAGEM TIPO B, D= 1100MM - PADRÃO SUDECAP|UN
19.16.09|CAIXA DE PASSAGEM TIPO B, D= 1200MM - PADRÃO SUDECAP|UN
19.16.10|CAIXA DE PASSAGEM TIPO B, D= 1300MM - PADRÃO SUDECAP|UN
19.16.11|CAIXA DE PASSAGEM TIPO B, D= 1500MM - PADRÃO SUDECAP|UN
19.17.02|CAIXA DE PASSAGEM TIPO C, D= 500MM - PADRÃO SUDECAP|UN
19.17.03|CAIXA DE PASSAGEM TIPO C, D= 600MM - PADRÃO SUDECAP|UN
19.17.04|CAIXA DE PASSAGEM TIPO C, D= 700MM - PADRÃO SUDECAP|UN
19.17.05|CAIXA DE PASSAGEM TIPO C, D= 800MM - PADRÃO SUDECAP|UN
19.17.06|CAIXA DE PASSAGEM TIPO C, D= 900MM - PADRÃO SUDECAP|UN
19.17.07|CAIXA DE PASSAGEM TIPO C, D= 1000MM - PADRÃO SUDECAP|UN
19.17.08|CAIXA DE PASSAGEM TIPO C, D= 1100MM - PADRÃO SUDECAP|UN
19.17.09|CAIXA DE PASSAGEM TIPO C, D= 1200MM - PADRÃO SUDECAP|UN
19.17.10|CAIXA DE PASSAGEM TIPO C, D= 1300MM - PADRÃO SUDECAP|UN
19.17.11|CAIXA DE PASSAGEM TIPO C, D= 1500MM - PADRÃO SUDECAP|UN
19.18.02|POÇO DE VISITA TIPO A, D= 500MM - PADRÃO SUDECAP|UN
19.18.03|POÇO DE VISITA TIPO A, D= 600MM - PADRÃO SUDECAP|UN
19.18.04|POÇO DE VISITA TIPO A, D= 700MM - PADRÃO SUDECAP|UN
19.18.05|POÇO DE VISITA TIPO A, D= 800MM - PADRÃO SUDECAP|UN
19.18.06|POÇO DE VISITA TIPO A, D= 900MM - PADRÃO SUDECAP|UN
19.18.07|POÇO DE VISITA TIPO A, D= 1000MM - PADRÃO SUDECAP|UN
19.18.08|POÇO DE VISITA TIPO A, D= 1100MM - PADRÃO SUDECAP|UN
19.18.09|POÇO DE VISITA TIPO A, D= 1200MM - PADRÃO SUDECAP|UN
19.18.10|POÇO DE VISITA TIPO A, D= 1300MM - PADRÃO SUDECAP|UN
19.18.11|POÇO DE VISITA TIPO A, D= 1500MM - PADRÃO SUDECAP|UN
19.19.02|POÇO DE VISITA TIPO B, D= 500MM - PADRÃO SUDECAP|UN
19.19.03|POÇO DE VISITA TIPO B, D= 600MM - PADRÃO SUDECAP|UN
19.19.04|POÇO DE VISITA TIPO B, D= 700MM - PADRÃO SUDECAP|UN
19.19.05|POÇO DE VISITA TIPO B, D= 800MM - PADRÃO SUDECAP|UN
19.19.06|POÇO DE VISITA TIPO B, D= 900MM - PADRÃO SUDECAP|UN
19.19.07|POÇO DE VISITA TIPO B, D= 1000MM - PADRÃO SUDECAP|UN
19.19.08|POÇO DE VISITA TIPO B, D= 1100MM - PADRÃO SUDECAP|UN
19.19.09|POÇO DE VISITA TIPO B, D= 1200MM - PADRÃO SUDECAP|UN
19.19.10|POÇO DE VISITA TIPO B, D= 1300MM - PADRÃO SUDECAP|UN
19.19.11|POÇO DE VISITA TIPO B, D= 1500MM - PADRÃO SUDECAP|UN
19.20.02|POÇO DE VISITA TIPO C, D= 500MM - PADRÃO SUDECAP|UN
19.20.03|POÇO DE VISITA TIPO C, D= 600MM - PADRÃO SUDECAP|UN
19.20.04|POÇO DE VISITA TIPO C, D= 700MM - PADRÃO SUDECAP|UN
19.20.05|POÇO DE VISITA TIPO C, D= 800MM - PADRÃO SUDECAP|UN
19.20.06|POÇO DE VISITA TIPO C, D= 900MM - PADRÃO SUDECAP|UN
19.20.07|POÇO DE VISITA TIPO C, D= 1000MM - PADRÃO SUDECAP|UN
19.20.08|POÇO DE VISITA TIPO C, D= 1100MM - PADRÃO SUDECAP|UN
19.20.09|POÇO DE VISITA TIPO C, D= 1200MM - PADRÃO SUDECAP|UN
19.20.10|POÇO DE VISITA TIPO C, D= 1300MM - PADRÃO SUDECAP|UN
19.20.11|POÇO DE VISITA TIPO C, D= 1500MM - PADRÃO SUDECAP|UN
19.21.01|CHAMINÉ DE POÇO DE VISITA - TIPO A - ALVENARIA E= 20CM REVESTIDA, COM DEGRAUS EM AÇO CA25|M
19.21.02|CHAMINÉ DE POÇO DE VISITA - TIPO B - ANEL CONCRETO CA-1, COM DEGRAUS EM AÇO CA 25|M
19.22.02|TAMPÃO DE POÇO DE VISITA DE FERRO FUNDIDO NODULAR|UN
19.22.03|REBAIXAMENTO DE TAMPÃO DE POÇO DE VISITA EM ATÉ 20CM|UN
19.22.04|ALTEAMENTO DE TAMPÃO DE POÇO DE VISITA EM ATÉ 20CM|UN
19.23.02|DESCIDA D'ÁGUA TIPO DEGRAU, D= 500MM - PADRÃO SUDECAP|M
19.23.03|DESCIDA D'ÁGUA TIPO DEGRAU, D= 600MM - PADRÃO SUDECAP|M
19.23.04|DESCIDA D'ÁGUA TIPO DEGRAU, D= 700MM - PADRÃO SUDECAP|M
19.23.05|DESCIDA D'ÁGUA TIPO DEGRAU, D= 800MM - PADRÃO SUDECAP|M
19.23.06|DESCIDA D'ÁGUA TIPO DEGRAU, D= 900MM - PADRÃO SUDECAP|M
19.23.07|DESCIDA D'ÁGUA TIPO DEGRAU, D= 1000MM - PADRÃO SUDECAP|M
19.23.08|DESCIDA D'ÁGUA TIPO DEGRAU, D= 1100MM - PADRÃO SUDECAP|M
19.23.09|DESCIDA D'ÁGUA TIPO DEGRAU, D= 1200MM - PADRÃO SUDECAP|M
19.23.10|DESCIDA D'ÁGUA TIPO DEGRAU, D= 1300MM - PADRÃO SUDECAP|M
19.23.11|DESCIDA D'ÁGUA TIPO DEGRAU, D= 1500MM - PADRÃO SUDECAP|M
19.24.02|DESCIDA D'ÁGUA TIPO CALHA, D= 500MM - PADRÃO SUDECAP|M
19.24.03|DESCIDA D'ÁGUA TIPO CALHA, D= 600MM - PADRÃO SUDECAP|M
19.24.04|DESCIDA D'ÁGUA TIPO CALHA, D= 700MM - PADRÃO SUDECAP|M
19.24.05|DESCIDA D'ÁGUA TIPO CALHA, D= 800MM - PADRÃO SUDECAP|M
19.24.06|DESCIDA D'ÁGUA TIPO CALHA, D= 900MM - PADRÃO SUDECAP|M
19.24.07|DESCIDA D'ÁGUA TIPO CALHA, D= 1000MM - PADRÃO SUDECAP|M
19.24.08|DESCIDA D'ÁGUA TIPO CALHA, D= 1100MM - PADRÃO SUDECAP|M
19.24.09|DESCIDA D'ÁGUA TIPO CALHA, D= 1200MM - PADRÃO SUDECAP|M
19.24.10|DESCIDA D'ÁGUA TIPO CALHA, D= 1300MM - PADRÃO SUDECAP|M
19.24.11|DESCIDA D'ÁGUA TIPO CALHA, D= 1500MM - PADRÃO SUDECAP|M
19.25.01|DRENO PADRÃO SUDECAP TIPO A - AREIA GROSSA, BRITA 2 E TUBO PERFURADO EM PVC DN 200MM, L=50CM|M
19.25.02|DRENO - PADRÃO SUDECAP TIPO B - MANTA DRENANTE, BRITA 3, TUBO PERFURADO EM PVC DN 160MM, L=50CM|M
19.25.03|DRENO DE TALVEGUE TIPO A (BRITA E MANTA DRENANTE)|M
19.27.01|BARRAGEM TIPO A - SACO DE RÁFIA - PADRÃO SUDECAP|M3
19.27.02|BARRAGEM TIPO B - SACO RÁFIA 50KG (SOLO / CIMENTO - 50KG/M3) - PADRÃO SUDECAP|M3
19.30.04|SARJETA TIPO A - (50X10)CM - DES-R01 - PADRÃO SUDECAP|M
19.30.05|SARJETA TIPO B - (50X10)CM - DES-R01 - PADRÃO SUDECAP|M
19.30.06|SARJETA TIPO C - (50X10)CM - DES-R01 - PADRÃO SUDECAP|M
19.31.01|CANALETA TIPO 2 - D= 200MM, PRÉ-MOLDADA DE CONCRETO E GRELHA - PADRÃO SUDECAP|M
19.31.02|CANALETA TIPO 2 - D= 300MM, PRÉ-MOLDADA DE CONCRETO - PADRÃO SUDECAP|M
19.31.03|CANALETA TIPO 2 - D= 400MM, PRÉ-MOLDADA DE CONCRETO - PADRÃO SUDECAP|M
19.31.04|CANALETA TIPO 2 - D= 500MM, PRÉ-MOLDADA DE CONCRETO - PADRÃO SUDECAP|M
19.31.05|CANALETA TIPO 2 - D= 600MM, PRÉ-MOLDADA DE CONCRETO - PADRÃO SUDECAP|M
19.31.07|CANALETA TIPO 3 - 30 X 20CM CONCRETO 20MPA COM GRELHA AÇO CA-25 - PADRÃO SUDECAP|M
19.31.08|CANALETA TIPO 3 - 30 X 20CM CONCRETO 20MPA COM TAMPA DE CONCRETO - PADRÃO SUDECAP|M
19.31.09|CANALETA TIPO 3 - 30 X 20CM CONCRETO 20MPA COM TAMPA CONCRETO PERFURADA - PADRÃO SUDECAP|M
19.31.10|CANALETA TIPO 5 - 30 X 20CM CONCRETO 20MPA A CÉU ABERTO - PADRÃO SUDECAP|M
19.31.15|CANALETA TIPO 1 - 80 X 40 X 60CM TRAPEZOIDAL, DE CONCRETO 20MPA - PADRÃO SUDECAP|M
19.32.01|ESCORAMENTO DESCONTÍNUO DE VALAS TIPO A - MADEIRA ROLIÇA D= 6 A 10CM - PADRÃO SUDECAP|M2
19.32.02|ESCORAMENTO DESCONTÍNUO DE VALAS TIPO B - MADEIRA ROLIÇA D= 11 A 15CM - PADRÃO SUDECAP|M2
19.33.01|ESCORAMENTO CONTÍNUO DE VALAS TIPO A - MADEIRA ROLIÇA D= 11 A 15CM - PADRÃO SUDECAP|M2
19.33.02|ESCORAMENTO CONTÍNUO DE VALAS TIPO B - PERFIL I-8" - PADRÃO SUDECAP|M2
19.51.01|ESTRUTURA DE ESCORAMENTO TIPO PONTALETEAMENTO|M2
19.52.03|POÇO DE VISITA H= 1,0M, (BALÃO 0,60) COPASA 062/1 NA 104 EM ANÉIS|UN
19.52.05|ADICIONAL DE PREÇO PARA ACRÉSCIMO DE ALTURA DE POÇO DE VISITA 0,6M|M
19.52.07|POÇO DE VISITA H= 1,5M (BALÃO 1,0M) COPASA 039/1 EM ANÉIS|UN
19.52.09|ADICIONAL DE PREÇO ACRÉSCIMO ALTURA POÇO DE VISITA 1,0M ANEL|M
19.53.01|LASTRO DE PEDRA BRITADA|M3
19.59.01|CONSTRUÇÃO DE RAMAL ESGOTO EXTENSÃO ATÉ 2,0M - PROFUNDIDADE DE REDE ATÉ 1,25M|UN
19.59.02|CONSTRUÇÃO DE RAMAL ESGOTO EXTENSÃO ATÉ 2,0M - PROFUNDIDADE DE REDE 1,25 A 3,0M INCLUSIVE ESCORAMENTO|UN
19.59.03|CONSTRUÇÃO DE RAMAL ESGOTO EXTENSÃO ATÉ 2,0M - PROFUNDIDADE DE REDE 3,0 A 4,0M INCLUSIVE ESCORAMENTO|UN
19.60.01|CONSTRUÇÃO DE RAMAL ESGOTO - EXTENSÃO EXCEDENTE A 2,00M - PROFUNDIDADE ATÉ 1,25M|M
19.60.02|CONSTRUÇÃO DE RAMAL ESGOTO - EXTENSÃO EXCEDENTE A 2,00M - PROFUNDIDADE DE 1,25 A 3,0M - INCLUSIVE ESCORAMENTO|M
19.60.03|CONSTRUÇÃO DE RAMAL ESGOTO - EXTENSÃO EXCEDENTE A 2,00M - PROFUNDIDADE DE 3,0 A 4,0M - INCLUSIVE ESCORAMENTO|M
19.70.03|TUBO PVC RÍGIDO D= 100MM, INCLUSIVE CONEXÕES|M
19.70.04|TUBO PVC RÍGIDO D= 150MM, INCLUSIVE CONEXÕES|M
19.70.05|TUBO PVC RÍGIDO D= 200MM, INCLUSIVE CONEXÕES|M
19.70.06|TUBO PVC RÍGIDO D= 250MM, INCLUSIVE CONEXÕES|M
19.70.07|TUBO PVC RÍGIDO D= 300MM, INCLUSIVE CONEXÕES|M
19.70.09|TUBO PVC RÍGIDO D= 400MM, INCLUSIVE CONEXÕES|M
19.91.01|FORNECIMENTO E LANÇAMENTO DE BRITA EM DRENO E PÁTIO|M3
19.91.02|FORNECIMENTO E LANÇAMENTO DE AREIA EM DRENO E PÁTIO|M3
19.91.03|FORNECIMENTO E LANÇAMENTO DE CASCALHO EM DRENO E PÁTIO|M3
19.99.10|AÇO CA 60 - D= 5,0MM, CORTE, DOBRA E COLOCAÇÃO EM SERVIÇOS DE DRENAGEM ADP REF 92915|KG
19.99.11|AÇO CA 50 - D= 6,3MM, CORTE, DOBRA E COLOCAÇÃO EM SERVIÇOS DE DRENAGEM ADP REF 92916|KG
19.99.12|AÇO CA 50 - D= 8,0MM, CORTE, DOBRA E COLOCAÇÃO EM SERVIÇOS DE DRENAGEM ADP REF 92917|KG
19.99.13|AÇO CA 50 - D= 10,0MM, CORTE, DOBRA E COLOCAÇÃO EM SERVIÇOS DE DRENAGEM ADP REF 92919|KG
19.99.14|AÇO CA 50 - D= 12,5MM, CORTE, DOBRA E COLOCAÇÃO EM SERVIÇOS DE DRENAGEM ADP REF 92921|KG
19.99.15|AÇO CA 50 - D= 16,0MM, CORTE, DOBRA E COLOCAÇÃO EM SERVIÇOS DE DRENAGEM ADP REF 92922|KG
19.99.16|AÇO CA 50 - D= 20,0MM, CORTE, DOBRA E COLOCAÇÃO EM SERVIÇOS DE DRENAGEM ADP REF 92923|KG
19.99.17|AÇO CA 50 - D= 25,0MM, CORTE, DOBRA E COLOCAÇÃO EM SERVIÇOS DE DRENAGEM ADP REF 92924|KG
20.01.01|REGULARIZAÇÃO E COMPACTAÇÃO DO SUBLEITO COM ROLO COMPACTADOR|M2
20.01.02|REGULARIZAÇÃO E COMPACTAÇÃO DO SUBLEITO COM PLACA VIBRATÓRIA|M2
20.03.01|REFORÇO DO SUB-LEITO COMPACTADO - PROCTOR INTERMEDIÁRIO - EXCLUSIVE ESCAVAÇÃO E CARGA|M3
20.04.03|SUB-BASE ESTABILIZADA GRANULOMETRICAMENTE COM BRITA BICA CORRIDA (AGREGADO DE PEDREIRA) - PROCTOR INTERMEDIÁRIO|M3
20.04.05|SUB-BASE ESTABILIZADA GRANULOMETRICAMENTE COM BRITA BICA CORRIDA (AGREGADO DE PEDREIRA) - PROCTOR MODIFICADO|M3
20.04.07|SUB-BASE ESTABILIZADA QUIMICAMENTE COM BRITA GRADUADA BGTC COM 10% DE TEOR DE CIMENTO COMPACTADO COM PLACA VIBRATÓRIA|M3
20.04.08|CONCRETO COMPACTADO A ROLO - CONSUMO DE CIMENTO 120 KG/M3 E FCTM, K= 2,0 MPA (AOS 28 DIAS)|M3
20.06.11|BASE ESTABILIZADA GRANULOMETRICAMENTE COM BRITA GRADUADA SIMPLES - PROCTOR MODIFICADO|M3
20.06.12|BASE ESTABILIZADA GRANULOMETRICAMENTE COM BRITA BICA CORRIDA (AGREGADO DE PEDREIRA), COMPACTADO COM PLACA VIBRATÓRIA - PROCTOR MODIFICADO|M3
20.06.13|BASE ESTABILIZADA QUIMICAMENTE COM BRITA GRADUADA TRATADA COM CIMENTO - BGTC (2% A 4% DE CIMENTO) - PROCTOR MODIFICADO|M3
20.06.14|BASE ESTABILIZADA GRANULOMETRICAMENTE COM BRITA BICA CORRIDA (AGREGADO DE PEDREIRA) - PROCTOR MODIFICADO|M3
20.06.15|BASE ESTABILIZADA GRANULOMETRICAMENTE COMPACTADA - EXCLUSIVE MATERIAL - PROCTOR MODIFICADO|M3
20.10.02|TRANSPORTE DE MATERIAL DE QUALQUER NATUREZA DMT <= 10KM|TxKM
20.10.03|TRANSPORTE DE MATERIAL DE QUALQUER NATUREZA DMT > 10KM|TxKM
20.11.05|IMPRIMAÇÃO COM EMULSÃO ASFÁLTICA - EAI, LIMPEZA MANUAL|M2
20.12.01|PINTURA DE LIGAÇÃO COM RR-1C|M2
20.12.03|PINTURA DE LIGAÇÃO EM DUAS ETAPAS COM RR-2C, INCLUSIVE MANTA GEOTÊXTIL, LIMPEZA MANUAL|M2
20.13.23|APLICAÇÃO DE CBUQ FAIXA B, CAMADA DE ROLAMENTO, COM CAP 50/70|T
20.13.25|APLICAÇÃO DE CBUQ FAIXA C, CAMADA DE ROLAMENTO, COM CAP 50/70|T
20.13.26|APLICAÇÃO DE CBUQ FAIXA C, CAMADA DE ROLAMENTO, COM CAP 50/70, ESPALHAMENTO MANUAL, COMPACTADO COM PLACA VIBRATÓRIA|T
20.13.28|APLICAÇÃO DE CBUQ FAIXA D, CAMADA DE ROLAMENTO, COM CAP 50/70|T
20.13.30|APLICAÇÃO DE CBUQ S.M.A., CAMADA DE ROLAMENTO|T
20.13.32|APLICAÇÃO DE CBUQ FAIXA C COM ASFALTO BORRACHA, CAMADA DE ROLAMENTO|T
20.13.33|FORNECIMENTO DE CBUQ FAIXA B, COM CAP 50/70, EXCLUSIVE TRANSPORTE|T
20.13.34|FORNECIMENTO DE CBUQ FAIXA C, COM CAP 50/70, EXCLUSIVE TRANSPORTE|T
20.13.35|FORNECIMENTO DE CBUQ FAIXA D COM CAP 50/70, EXCLUSIVE TRANSPORTE|T
20.13.36|FORNECIMENTO DE CBUQ S.M.A. PRONTO, EXCLUSIVE TRANSPORTE|T
20.13.37|FORNECIMENTO DE CBUQ FAIXA C COM ASFALTO BORRACHA, EXCLUSIVE TRANSPORTE|T
20.17.01|REVESTIMENTO EM ALVENARIA POLIÉDRICA COM COLCHÃO DE AREIA|M2
20.17.03|REVESTIMENTO EM ALVENARIA POLIÉDRICA COM COLCHÃO DE PÓ DE PEDRA|M2
20.17.04|REVESTIMENTO EM PARALELEPÍPEDO COM PEDRAS GNAISSE E COLCHÃO DE PÓ DE PEDRA|M2
20.18.01|REMOÇÃO E RECONSTRUÇÃO DE REVESTIMENTO EM ALVENARIA POLIÉDRICA COM COLCHÃO DE AREIA|M2
20.18.03|REMOÇÃO E RECONSTRUÇÃO DE REVESTIMENTO EM ALVENARIA POLIÉDRICA COM COLCHÃO DE PÓ DE PEDRA|M2
20.19.02|FORNECIMENTO E INSTALAÇÃO DE PAVIMENTO INTERTRAVADO - 35MPA, E=6CM, 10X20CM, INCLUSIVE COLCHÃO DE AREIA|M2
20.19.03|FORNECIMENTO E INSTALAÇÃO DE PAVIMENTO INTERTRAVADO - 35MPA, E=8CM, COR BRANCO, INCLUSIVE COLCHÃO DE AREIA|M2
20.19.04|FORNECIMENTO E INSTALAÇÃO DE PAVIMENTO INTERTRAVADO - 35MPA, E=8CM, COR CINZA, INCLUSIVE COLCHÃO DE AREIA|M2
20.19.05|FORNECIMENTO E INSTALAÇÃO DE PAVIMENTO INTERTRAVADO - 35MPA, E=8CM, COR VERMELHA, INCLUSIVE COLCHÃO DE AREIA|M2
20.19.06|FORNECIMENTO E INSTALAÇÃO DE PAVIMENTO INTERTRAVADO - 35MPA, E=10CM, COR VERMELHA, INCLUSIVE COLCHÃO DE AREIA|M2
20.19.07|FORNECIMENTO E INSTALAÇÃO DE PAVIMENTO INTERTRAVADO - 40MPA, E=10CM, COR CINZA NATURAL, INCLUSIVE COLCHÃO DE AREIA|M2
20.19.08|SALGAMENTO / REJUNTAMENTO DOS PAVIMENTOS INTERTRAVADOS|M2
20.20.01|FRESAGEM ATE 5,0 CM|M2
20.20.02|FRESAGEM DE 5 A 10 CM|M2
20.21.01|GEOGRELHA DE POLIESTER PARA REFORÇO DE PAVIMENTAÇÃO|M2
20.24.01|PAVIMENTO DE CONCRETO - CONSUMO DE CIMENTO 390KG/M3 E FCTM, K=4,5 MPA, INCLUSIVE TEXTURIZAÇÃO|M3
20.25.01|BARRAS DE TRANSFERÊNCIA - AÇO CA 25 - AQUISIÇÃO, TRANSPORTE, CORTE E COLOCAÇÃO|KG
20.25.02|BARRAS DE LIGAÇÃO - AÇO CA 50 - AQUISIÇÃO, TRANSPORTE, CORTE E COLOCAÇÃO|KG
20.25.03|SUPORTE PARA BARRAS DE TRANSFERÊNCIA - AÇO CA 50 - AQUISIÇÃO, TRANSPORTE, CORTE E COLOCAÇÃO|KG
20.25.04|FIXADORES DE SUPORTE - AÇO CA 50 - AQUISIÇÃO, TRANSPORTE, CORTE E COLOCAÇÃO|KG
20.25.05|ARMADURAS DISTRIBUÍDAS DESCONTINUAMENTE PARA ÁREAS DE PLACAS QUE CONTENHAM INTERRUPÇÃO|KG
20.25.06|APLICAÇÃO DE GRAXA EM BARRAS DE TRANSFERÊNCIA PARA EXECUÇÃO DE PAVIMENTO DE CONCRETO|KG
20.26.01|TELA Q196 PARA PAVIMENTO DE CONCRETO|M2
20.26.02|SUPORTE PARA TELA Q196 (CARANGUEJO) PARA PAVIMENTO DE CONCRETO|KG
20.27.01|ASSENTAMENTO DE BAGUETE PLÁSTICO (TIPO TARUCEL) 6 MM EM PAVIMENTO DE CONCRETO|M
20.28.01|CURA QUÍMICA|M2
21.30.06|PLANTIO DE GRAMA SAO CARLOS EM PLACAS, INCLUSIVE FORNECIMENTO DA GRAMA, EXCLUSIVE PREPARO DO SOLO - MEIA SOMBRA - REF 103946|M2
21.30.07|PLANTIO DE GRAMA ESMERALDA EM PLACAS - INCLUSIVE FORNECIMENTO GRAMA, EXCLUSIVE PREPARO DO SOLO - SOL - REF 103946|M2
21.30.08|PLANTIO DE GRAMA AMENDOIM EM MUDAS, INCLUSIVE FORNECIMENTO GRAMA, EXCLUSIVE PREPARO DO SOLO (15 CM) - SOL - REF 98505|M2
21.30.10|IRRIGAÇÃO DE GRAMADO E/OU CANTEIRO COM CAMINHÃO PIPA, EXCLUSIVE O FORNECIMENTO DA ÁGUA|M2
21.31.02|PLANTIO DE ÁRVORES, INCLUSIVE EXECUÇÃO DE BERÇO 60 X 120 X 60CM (C X L X H) ADP REF 98511|UN
21.31.03|PLANTIO DE ÁRVORES, INCLUSIVE EXECUÇÃO BERÇO 60 X 60 X 60CM (C X L X H), ADP REF 98511|UN
21.31.04|PLANTIO DE PALMEIRAS H<= 2,00M, INCLUSIVE EXECUÇÃO BERÇO 60 X 60 X 60CM (C X L X H), INCLUSIVE GUINDAUTO ADP REF 98516|UN
21.31.08|PLANTIO DE FORRAÇÃO, INCLUSIVE EXECUÇÃO BERÇOS REF 98505|M2
21.31.10|PLANTIO DE ARBUSTIVAS ISOLADAS, INCLUSIVE EXECUÇÃO BERÇO 20 X 20 X 20CM (C X L X H)|UN
21.31.11|PLANTIO DE ARBUSTIVAS ISOLADAS, INCLUSIVE EXECUÇÃO BERÇO 30 X 30 X 30CM (C X L X H)|UN
21.31.12|PLANTIO DE ARBUSTIVAS ISOLADAS, INCLUSIVE EXECUÇÃO BERÇO 50 X 50 X 50CM (C X L X H)|UN
21.31.20|PLANTIO DE ÁRVORES FRUTÍFERAS COM ALTURA MENOR OU IGUAL A 2,00M, INCLUSIVE EXECUÇÃO BERÇO 60 X 60 X 60CM (C X L X H) REF 98513|UN
21.31.21|PLANTIO DE ÁRVORES FRUTÍFERAS ALTURA ENTRE 2,00 E 4,00M, INCLUSIVE EXECUÇÃO BERÇO 60 X 60 X 60CM (C X L X H) REF 98514|UN
21.31.30|IRRIGAÇÃO DE ÁRVORE E/OU PALMEIRA COM CAMINHÃO PIPA,EXCLUSIVE O FORNECIMENTO DA ÁGUA|UN
21.32.01|TERRA VEGETAL|M3
21.32.02|ADUBO ORGÂNICO|M3
21.32.03|ADUBO MINERAL 10-10-10|KG
21.32.04|ADUBO MINERAL 4-14-8|KG
21.32.05|CALCÁRIO DOLOMÍTICO (ACIMA DE 1T)|KG
21.32.06|SUPERFOSFATO SIMPLES|KG
21.32.07|MICRONUTRIENTES FTE|KG
21.32.08|HÚMUS DE MINHOCA|KG
21.32.09|COMPOSTO ORGÂNICO|KG
21.32.10|SUBSTRATO AGRÍCOLA COMERCIAL|KG
21.32.11|AREIA MÉDIA LAVADA|M3
21.32.12|CONDICIONADORES DE SOLO|KG
21.32.13|FOSFATO NATURAL|KG
21.32.14|SOLUÇÃO DE GEL DE PLANTIO|KG
21.32.15|CALCÁRIO DOLOMÍTICO PRNT 90 A 100%|KG
21.33.01|ÁRVORE - SIBIPIRUNA - CAESALPINIA PELTOPOHOROIDES - H>=1,80 METROS|UN
21.33.02|ÁRVORE - IPÊ ROSA - TABEBUIA AVELLANEDAE - H>=2,50 METROS|UN
21.33.03|ÁRVORE- PAU-FERRO - CAESALPINIA FERREA LEIOSTACHYA - H>=1,80 METROS|UN
21.33.04|ÁRVORE - ACÁCIA MIMOSA - ACACIA PODALYRIIFOLIA - H>=1,80 METROS|UN
21.33.05|ÁRVORE - JACARANDÁ MIMOSO - JACARANDA CUSPIDIFOLIA - H>=1,80 METROS|UN
21.33.06|ÁRVORE - IPÊ ROXO - HANDROANTHUS IMPETIGINOSUS - H>=2,50 METROS|UN
21.33.07|ÁRVORE - IPÊ BRANCO - TABEBUIA ROSEOALBA - H>=2,50 METROS|UN
21.33.09|ÁRVORE - IPÊ AMARELO - HANDROANTHUS SERRATIFOLIUS - H>=2,50 METROS|UN
21.33.10|ÁRVORE - OITI - LICANIA TOMENTOSA - H>=1,80 METROS|UN
21.33.11|ÁRVORE - ESCUMILHA AFRICANA - LAGERSTROEMIA SPECIOSA - H>=1,80 METROS|UN
21.33.12|ÁRVORE - JEQUITIBÁ BRANCO - CARINIANA ESTRELLENSIS - H>=1,80 METROS|UN
21.33.25|ÁRVORE FRUTÍFERA - PITANGA - EUGENIA UNIFLORA - H>=1,80 METROS|UN
21.33.26|ÁRVORE FRUTÍFERA - ARAÇÁ - PSIDIUM CATTLEIANUM - H>=1,80 METROS|UN
21.33.27|ÁRVORE FRUTÍFERA - ACEROLA - MALPIGHIA GLABRA - H>=1,80 METROS|UN
21.33.28|ÁRVORE FRUTÍFERA - AMOREIRA - MORUS IGNUS - H>=1,80 METROS|UN
21.33.29|ÁRVORE FRUTÍFERA - GRUMIXAMA - EUGENIA BRASILIENSES - H>=1,80 METROS|UN
21.33.30|ÁRVORE FRUTÍFERA - GOIABA BRANCA - PSIDIUM GUAYAVA - H>=1,80 METROS|UN
21.33.31|ÁRVORE FRUTÍFERA - GOIABA VERMELHA - PSIDIUM GUAYAVA - H>=1,80 METROS|UN
21.33.32|ÁRVORE FRUTÍFERA - GOIABA AMARELA - PSIDIUM GUAYAVA - H>=1,80 METROS|UN
21.33.33|ÁRVORE FRUTÍFERA - JABUTICABA - MYRCIARAIA CAULIFLORIA - H>=1,80 METROS|UN
21.33.34|ÁRVORE FRUTÍFERA - JABUTICABA - PLINIA PERUVIANA - H>=1,80 METROS|UN
21.33.35|ÁRVORE FRUTÍFERA - JABUTICABA - SABARÁ HÍBRIDA - MYRCIARAIA CAULIFLORIA - H>=1,80 METROS|UN
21.33.40|FORRAÇÃO - ACALIPHA - ACALIPHA REPTANS (25 CM) - MEIA SOMBRA/SOL|UN
21.33.41|FORRAÇÃO - WEDELIA - WEDELIA PALUDOSA (20 CM) - SOL|UN
21.33.42|FORRAÇÃO - CLOROFITO - CLOROFITUM (25 CM) - MEIA SOMBRA/SOL|UN
21.33.43|FORRAÇÃO - AGAPANTO - AGAPANTHUS AFRICANUS (25 CM) - SOL|UN
21.33.44|FORRAÇÃO - LÍRIO AMARELO - HEMEROCALYS FLAVA (25 CM) - SOL|UN
21.33.46|FORRAÇÃO - BARBA DE SERPENTE - OPHIOPOGON JAPONICUS (25 CM) - MEIA SOMBRA|UN
21.33.47|FORRAÇÃO - SINGÔNIO - SYNGONIUM ANGUSTATUM (25 CM) - SOMBRA|UN
21.33.48|FORRAÇÃO - PELO DE URSO - OPHIOPOGUM JAPONICUS (15 CM) - SOMBRA|UN
21.33.50|ARBUSTO - BELA EMÍLIA - PLUMBAGO CAPENSIS|UN
21.33.51|ARBUSTO - CAMARÁ - LANTANA CAMARA|UN
21.33.70|PALMEIRA - LICURI|UN
21.34.05|TUTORAMENTO E AMARRIO PARA ÁRVORES|UN
21.35.01|SUPRESSÃO DE ÁRVORES DE PEQUENO PORTE (ALTURA ATÉ 5 M) INCLUSIVE CORTE DE LENHA|UN
21.35.02|SUPRESSÃO DE ÁRVORES DE MÉDIO PORTE (ALTURA ENTRE 5 E 10 M) INCLUSIVE CORTE DE LENHA|UN
21.35.03|SUPRESSÃO DE ÁRVORES DE GRANDE PORTE (ALTURA MAIOR QUE 10 M) INCLUSIVE CORTE DE LENHA|UN
21.36.01|PREPARO DO SOLO, INCLUSIVE TALUDES, REVOLVIMENTO E LIMPEZA MANUAL DO TERRENO REF 98519|M2
21.36.02|APLICAÇÃO DE ADUBO EM SOLO OU EM COBERTURA, EXCLUSIVE FORNECIMENTO ADUBO ADP REF 98520|KG
21.36.03|APLICAÇÃO DE TERRA VEGETAL PARA PLANTIO, INCLUSIVE FORNECIMENTO DA TERRA ADP REF 105521|M3
21.36.04|APLICAÇÃO DE AREIA LAVADA PARA REJUNTE, INCLUSIVE FORNECIMENTO DA AREIA ADP REF 105521|M3
40.07.03|CONCRETO CICLOPICO 1:4:8 C/ 30% PEDRA, LANC. FUND.|M3
40.07.10|CONCRETO CICLOPICO 1:3:6 C/ 30% PEDRA, LANC. FUND.|M3
40.08.05|CONCRETO 1:4:8, B1-B2 CALCARIA - PREPARO|M3
40.08.07|CONCRETO 1:3:6, B1-B2 CALCARIA - PREPARO|M3
40.08.19|CONCRETO FCK >= 15 MPA, B1-B2 CALCARIA - PREPARO REF 94963|M3
40.08.23|CONCRETO FCK >= 20 MPA, B1-B2 CALCARIA - PREPARO REF 94964|M3
40.08.25|CONCRETO FCK >= 25 MPA, B1-B2 CALCARIA - PREPARO REF 94965|M3
40.08.30|CONCRETO FCK >= 30 MPA, B1-B2 CALCARIA - PREPARO REF 94966|M3
40.08.40|CONCRETO FCK >= 40 MPA, B1-B2 CALCARIA - PREPARO REF 94967|M3
40.09.05|CONCRETO 1:4:8, B1-B2 CALCARIA,LANCADO EM FUNDACAO|M3
40.09.07|CONCRETO 1:3:6, B1-B2 CALCARIA,LANCADO EM FUNDACAO|M3
40.09.19|CONCRETO FCK >= 15 MPA, BRITA CALCÁRIA, PREPARADO EM OBRA E LANÇADO EM FUNDAÇÃO|M3
40.09.23|CONCRETO FCK >= 20 MPA, BRITA CALCÁRIA, PREPARADO EM OBRA E LANÇADO EM FUNDAÇÃO|M3
40.09.25|CONCRETO FCK >= 25 MPA, BRITA CALCÁRIA, PREPARADO EM OBRA E LANÇADO EM FUNDAÇÃO|M3
40.09.30|CONCRETO FCK >= 30 MPA, BRITA CALCÁRIA, PREPARADO EM OBRA E LANÇADO EM FUNDAÇÃO|M3
40.09.40|CONCRETO FCK >= 40 MPA, BRITA CALCÁRIA, PREPARADO EM OBRA E LANÇADO EM FUNDAÇÃO|M3
40.10.23|CONCRETO FCK >= 20 MPA, BRITA CALCÁRIA, PREPARADO EM OBRA E LANÇADO EM ESTRUTURA|M3
40.10.25|CONCRETO FCK >= 25 MPA, BRITA CALCÁRIA, PREPARADO EM OBRA E LANÇADO EM ESTRUTURA|M3
40.10.30|CONCRETO FCK >= 30 MPA, BRITA CALCÁRIA, PREPARADO EM OBRA E LANÇADO EM ESTRUTURA|M3
40.10.40|CONCRETO FCK >= 40 MPA, BRITA CALCÁRIA, PREPARADO EM OBRA E LANÇADO EM ESTRUTURA|M3
40.11.01|SOLO CIMENTO 1:10|M3
40.16.01|LANÇAMENTO DE CONCRETO CONVENCIONAL EM FUNDAÇÕES|M3
40.16.02|LANÇAMENTO DE CONCRETO BOMBEADO EM FUNDAÇÕES|M3
40.16.11|LANÇAMENTO MANUAL, ADENSAMENTO E ACABAMENTO DE CONCRETO CONVENCIONAL EM ESTRUTURA|M3
40.16.12|LANÇAMENTO COM USO DE BOMBA, ADENSAMENTO E ACABAMENTO DE CONCRETO EM ESTRUTURA ADP REF 103673|M3
40.20.17|FORMA DE COMPENSADO RESINADO E=12MM TIPO C (5 APR)|M2
40.20.80|ESCORAMENTO DESCONTINUO TIPO A (MADEIRA 6 A 10CM)|M2
40.20.81|ESCORAMENTO DESCONTINUIO TIPO B-MADEIRA 11 A 15CM|M2
40.20.82|ESCORAMENTO CONTINUO TIPO A|M2
40.20.83|ESCORAMENTO CONTINUO TIPO B|M2
40.22.05|ACO CA-25 - DEGRAUS|KG
40.22.10|ACO CA-50, D<= 12.7MM - CORTE,DOBRAMENTO,COLOCACAO|KG
40.22.12|ACO CA-50, D > 12.7MM - CORTE,DOBRAMENTO,COLOCACAO|KG
40.22.20|ACO CA-60 - CORTE, DOBRAMENTO E COLOCACAO|KG
40.22.30|ACO CA-50 E CA-60 - CORTE, DOBRAMENTO E COLOCACAO|KG
40.24.11|ARGAMASSA DE CIMENTO E AREIA 1:1|M3
40.24.13|ARGAMASSA DE CIMENTO E AREIA 1:2|M3
40.24.15|ARGAMASSA DE CIMENTO E AREIA 1:3|M3
40.24.17|ARGAMASSA DE CIMENTO E AREIA 1:4|M3
40.24.19|ARGAMASSA DE CIMENTO E AREIA 1:5|M3
40.24.21|ARGAMASSA DE CIMENTO E AREIA 1:6|M3
40.24.23|ARGAMASSA DE CIMENTO E AREIA 1:7|M3
40.24.25|ARGAMASSA DE CIMENTO E AREIA 1:8|M3
40.24.26|ARGAMASSA DE CIMENTO E AREIA 1:3 COM ADITIVO IMPERMEABILIZANTE ADAPTADO REF 100475|M3
40.26.05|ARGAMASSA DE CIMENTO, AREIA E PEDRISCO 1:2:2|M3
40.30.05|ALVENARIA TIJOLO MACICO REQ., E = 5CM, A REVESTIR|M2
40.30.06|ALVENARIA TIJOLO MACICO REQ., E = 10CM, A REVESTIR|M2
40.30.07|ALVENARIA TIJOLO MACICO REQ., E = 20CM, A REVESTIR|M2
40.30.10|ALVENARIA TIJOLO MACICO REQ., E = 5CM, APARENTE|M2
40.30.11|ALVENARIA TIJOLO MACICO REQ., E = 10CM, APARENTE|M2
40.30.12|ALVENARIA TIJOLO MACICO REQ., E = 20CM, APARENTE|M2
40.30.20|ALVENARIA TIJOLO FURADO, E = 10CM, A REVESTIR|M2
40.30.21|ALVENARIA TIJOLO FURADO, E = 15CM, A REVESTIR|M2
40.30.22|ALVENARIA TIJOLO FURADO, E = 20CM, A REVESTIR|M2
40.30.30|ALVENARIA BLOCO DE CONCRETO, E = 10CM, A REVESTIR|M2
40.30.31|ALVENARIA BLOCO DE CONCRETO, E = 15CM, A REVESTIR|M2
40.30.32|ALVENARIA BLOCO DE CONCRETO, E = 20CM, A REVESTIR|M2
40.30.35|ALVENARIA BLOCO DE CONCRETO, E = 10CM, APARENTE|M2
40.30.36|ALVENARIA BLOCO DE CONCRETO, E = 15CM, APARENTE|M2
40.30.37|ALVENARIA BLOCO DE CONCRETO, E = 20CM, APARENTE|M2
40.31.02|CHAPISCO COM ARGAMASSA 1:3, A COLHER|M2
40.31.03|CHAPISCO COM ARGAMASSA 1:3, A PENEIRA|M2
40.31.04|CHAPISCO C/ ARG.DE CIMENTO, AREIA, PEDRISCO 1:2:2|M2
40.31.05|EMBOCO COM ARGAMASSA 1:7|M2
40.31.06|REBOCO PAULISTA COM ARGAMASSA 1:7|M2
40.31.07|REBOCO PAULISTA COM ARGAMASSA 1:4|M2
40.31.08|EM AZULEJO BRANCO 15X15 CM, EXTRA|M2
40.32.05|ESCAVACAO MANUAL H <= 1.5M|M3
40.32.07|ESCAVACAO MANUAL 1,5 < H <= 3,0 M|M3
40.32.09|ESCAVACAO MANUAL H > 3,0 M|M3
40.32.10|ESCAV. MECANICA DE VALAS C/ DESC. LATERAL H<=1,5M|M3
40.32.11|ESCAV.MECANICA DE VALAS DESC. LATERAL 1,5M<H<=3,0M|M3
40.32.12|ESCAV.MECANICA DE VALAS DESC. LATERAL 3,0M<H<=5,0M|M3
40.32.13|ESCAV. MECANICA DE VALAS C/ DESC. LATERAL H>=5,0M|M3
40.32.15|ESCAV.MECANICA DE VALAS C/ DESC.S/CAMINHAO H<=1,5M|M3
40.32.16|ESCAV.MECANICA DE VALAS DESC.S/CAMINHAO 1,5M<H<=3M|M3
40.32.17|ESCAV.MECANICA DE VALAS DESC.S/CAMINHAO 3,0M<H<=5M|M3
40.32.18|ESCAV. MECANICA DE VALAS DESC.S/ CAMINHAO H>=5,0M|M3
40.32.22|REGULARIZACAO E COMPACTACAO MANUAL DE TERRENO|M2
40.32.23|REGULARIZAÇAO E COMPACT.TERRENO C/PLACA VIBRATORIA|M2
40.32.30|REATERRO MANUAL DE VALAS|M3
40.32.31|REATERRO COMPACTADO C/ PLACA VIBRATORIA|M3
40.32.32|REATERRO COMPACTADO COM ROLO VIBRATORIO|M3
40.32.40|CARGA MANUAL SOBRE CAMINHOES|M3
40.32.41|CARGA MECANICA SOBRE CAMINHOES|M3
40.33.01|TRACO 1;3;6, FORNEC.E LANCAMENTO SOBRE ENROCAMENTO|M3
40.34.01|TRANSPORTE DMT <= 10KM|TxKM
40.34.02|TRANSPORTE DMT > 10 KM|TxKM
40.39.01|ROCAMENTO E TRANSP.<20M-VEGETACAO MARGINAL A LAGOA|M2
40.39.05|CARGA MANUAL DE VEGETACAO SOBRE CAMINHAO|M3
40.39.06|DESCARGA E ESPALHAMENTO DE BOTA FORA|M3
40.39.07|TRANSPORTE DMT <= 5KM|VG
40.39.08|TRANSPORTE 5KM< DMT<=10KM|VG
40.39.09|TRANSPORTE 10KM<DMT<=15KM|VG
40.39.10|TRANSPORTE 15KM<DMT<=20KM|VG
40.40.01|AREIA (COM ADENSAMENTO HIDRAULICO)|M3
40.41.01|MANTA GEOTEXTIL - 300G/M2 - RES. TRACAO >= 16KN/M|M2
40.42.01|DRENO BARBACÃ DN 50 MM E COMPRIMENTO DE 0,50M|UN
40.43.01|CORTE MECAN. C/ SERRA CIRCULAR EM CONCRETO/ASFALTO|M
40.80.30|TAMPAO DE FERRO FUNDIDO T5|M
40.80.35|TAMPAO DE FERRO FUNDIDO T 109|UN
40.80.50|LASTRO DE PEDRA BRITADA|M3
40.80.55|ESTRUTURA DE ESCORAMENTO TIPO PONTALETEAMENTO|M2
40.80.56|EQUIPE DE ESGOTO PARA REDE E LIGACAO|H
40.87.04|DN= 400 MM|M
40.87.05|DN= 500 MM|M
40.87.06|DN= 600 MM|M
40.87.08|DN= 800 MM|M
40.87.10|DN= 1000 MM|M
40.87.15|DN= 1500 MM|M
41.02.01|INSTALACAO PROVISORIA DE AGUA|UN
42.02.08|COPIA HEROGRAFICA FORMATO A1|UN
42.02.09|COPIA XEROX A4 OU OFICIO|UN
43.01.01|EQUIPE DE TOPOGRAFIA - PROJETO|MES
43.01.02|MARCO DE CONCRETO 10CM DE TOPO X 15CM BASE X 50CM ALTURA|UN
43.01.03|EQUIPE DE TOPOGRAFIA - OBRA|MES
43.01.10|COMPUTADOR COM SOFTWARES (AUTOCAD, OFFICE)|H
43.02.01|EQUIPAMENTOS E MATERIAIS PARA ELABORAÇÃO DE CADASTROS|DIA
44.01.01|ENGENHEIRO SENIOR|MES
44.01.02|ENGENHEIRO INTERMEDIARIO|MES
44.01.03|ENGENHEIRO JUNIOR|MES
44.01.04|ENGENHEIRO TRAINEE|MES
44.01.05|TECNICO DE SEGURANCA|MES
44.01.06|MESTRE DE OBRAS|MES
44.01.07|ENCARREGADO|MES
44.01.09|ALMOXARIFE|MES
44.01.10|APONTADOR|MES
44.01.12|SERVENTE|MES
44.01.14|ENGENHEIRO TRAINEE (CH 6 H/DIA)|MES
44.01.15|ENGENHEIRO TRAINEE (CH 7 H/DIA)|MES
44.01.16|ENGENHEIRO JUNIOR (CH 6 H/DIA)|MES
44.01.17|ENGENHEIRO JUNIOR (CH 7 H/DIA)|MES
44.01.18|ENGENHEIRO INTERMEDIÁRIO (CH 6 H/DIA)|MES
44.01.19|ENGENHEIRO INTERMEDIÁRIO (CH 7 H/DIA)|MES
44.01.20|ENGENHEIRO SENIOR (CH 6 H/DIA)|MES
44.01.21|ENGENHEIRO SENIOR (CH 7 H/DIA)|MES
44.01.22|VIGILÂNCIA DE OBRAS - EM DIAS ÚTEIS (CONSIDERANDO INÍCIO AS 17H DE SEGUNDA A QUINTA E 16H NA SEXTA) E 24 HORAS POR DIA AOS SÁBADOS, DOMINGOS E FERIADOS|MES
44.01.23|VIGILÂNCIA DE OBRAS - 24 HORAS EM DIAS ÚTEIS, SÁBADOS, DOMINGOS E FERIADOS|MES
45.01.01|LOCACAO VEICULO POPULAR MOTOR 1.0 C/ AR E SEGURO SEM COMBUSTIVEL|MES
45.01.03|LOCAÇÃO VEICULO TIPO PICAPE LEVE C/ SEGURO SEM COMBUSTÍVEL|MES
45.01.05|LOCAÇÃO VEÍCULO UTILITÁRIO 4 PORTAS E 7 LUGARES C/ SEGURO SEM COMBUSTÍVEL|MES
45.01.06|VIAGEM DE CAMINHÃO PIPA 6000 L, INCLUSIVE ÁGUA E MÃO DE OBRA, TEMPO DE PERMANÊNCIA NA OBRA DE ATÉ 2 HORAS|VG
45.01.07|VIAGEM DE CAMINHÃO PIPA 10000 L, INCLUSIVE ÁGUA E MÃO DE OBRA, TEMPO DE PERMANÊNCIA NA OBRA DE ATÉ 2 HORAS|VG
45.01.08|LOCACAO VEICULO POPULAR ELETRICO COM SEGURO SEM CARREGAMENTO|MES
45.02.01|GASOLINA|L
45.02.02|ETANOL|L
45.02.03|OLEO DIESEL|L
50.01.08|CHP/VIBROACABADORA DE ASFALTO SOBRE ESTEIRAS, LARGURA DE PAVIMENTO 2,13 M A 4,55 M POTÊNCIA. 74 KW/100 HP, CAPACIDADE 400 T/H OU EQUIVALENTE|H
50.01.09|CHI/VIBROACABADORA DE ASFALTO SOBRE ESTEIRAS, LARGURA DE PAVIMENTO 2,13 M A 4,55 M POTÊNCIA. 74 KW/100 HP, CAPACIDADE 400 T/H OU EQUIVALENTE|H
50.01.70|CHP/VASSOURA MECÂNICA REBOCÁVEL COM ESCOVA CILÍNDRICA LARGURA ÚTIL DE VARRIMENTO = 2,44M OU EQUIVALENTE|H
50.01.71|CHI/VASSOURA MECÂNICA REBOCÁVEL COM ESCOVA CILÍNDRICA LARGURA ÚTIL DE VARRIMENTO = 2,44M OU EQUIVALENTE|H
50.01.72|CHP/FRESADORA DE ASFALTO A FRIO SOBRE RODAS, LARGURA DE FRESAGEM 1,00 M, POTÊNCIA 155 KW/208 HP OU EQUIVALENTE|H
50.01.73|CHI/FRESADORA DE ASFALTO A FRIO SOBRE RODAS, LARGURA DE FRESAGEM 1,00 M, POTÊNCIA 155 KW/208 HP OU EQUIVALENTE|H
50.04.10|CHP/BATE ESTACA DE QUEDA SIMPLES, SOBRE ROLO, MOTOR A DIESEL, COM MARTELO DE 0,6 A 0,8T|H
50.04.11|CHI/BATE ESTACA DE QUEDA SIMPLES, SOBRE ROLO, MOTOR A DIESEL, COM MARTELO DE 0,6 A 0,8T|H
50.05.10|CHP/BETONEIRA 400 L, SEM CARREGADOR|H
50.05.11|CHI/BETONEIRA 400 L, SEM CARREGADOR|H
50.06.02|CHP/BOMBA HIDRÁULICA SUBMERSÍVEL 2" 36 M3/H COM 20M DE MANGUEIRA|H
50.06.03|CHI/BOMBA HIDRÁULICA SUBMERSÍVEL 2" 36 M3/H COM 20M DE MANGUEIRA|H
50.06.04|CHP/BOMBA HIDRÁULICA SUBMERSÍVEL 3" 72 M3/H COM 20M DE MANGUEIRA|H
50.06.05|CHI/BOMBA HIDRÁULICA SUBMERSÍVEL 3" 72 M3/H COM 20M DE MANGUEIRA|H
50.10.08|CHP/CAMINHÃO BASCULANTE CARGA ÚTIL MÁXIMA 7200 KG, DISTÂNCIA ENTRE EIXOS 4,50 M, POTÊNCIA 190 CV|H
50.10.09|CHI/CAMINHÃO BASCULANTE CARGA ÚTIL MÁXIMA 7200 KG, DISTÂNCIA ENTRE EIXOS 4,50 M, POTÊNCIA 190 CV|H
50.10.12|CHP/CAMINHÃO BASCULANTE CARGA ÚTIL MÁXIMA 9800 KG, DISTÂNCIA ENTRE EIXOS 5,00 M, POTÊNCIA 200 CV|H
50.10.13|CHI/CAMINHÃO BASCULANTE CARGA ÚTIL MÁXIMA 9800 KG, DISTÂNCIA ENTRE EIXOS 5,00 M, POTÊNCIA 200 CV|H
50.10.36|CHP/CAMINHÃO TANQUE, 6.000L, CARGA ÚTIL MÁXIMA 7200 KG, DISTÂNCIA ENTRE EIXOS 4,50 M, POTÊNCIA 190 CV|H
50.10.37|CHI/CAMINHÃO TANQUE, 6.000L, CARGA ÚTIL MÁXIMA 7200 KG, DISTÂNCIA ENTRE EIXOS 4,50 M, POTÊNCIA 190 CV|H
50.10.50|CHP/CAMINHÃO TANQUE, 10.000L, CARGA ÚTIL MÁXIMA 7200 KG, DISTÂNCIA ENTRE EIXOS 4,50 M, POTÊNCIA 190 CV|H
50.10.51|CHI/CAMINHÃO TANQUE, 10.000L, CARGA ÚTIL MÁXIMA 7200 KG, DISTÂNCIA ENTRE EIXOS 4,50 M, POTÊNCIA 190 CV|H
50.10.68|CHP/CAMINHÃO CARROCERIA CARGA ÚTIL MÁXIMA 7200 KG, DISTÂNCIA ENTRE EIXOS 4,50 M, POTÊNCIA 190 CV|H
50.10.69|CHI/CAMINHÃO CARROCERIA CARGA ÚTIL MÁXIMA 7200 KG, DISTÂNCIA ENTRE EIXOS 4,50 M, POTÊNCIA 190 CV|H
50.10.80|CHP/GUINDASTE ARTICULADO COM CAPACIDADE MÁXIMA DE 3300KG E ALCANCE MÁXIMO HORIZONTAL DE 9 METROS OU EQUIVALENTE|H
50.10.81|CHI/GUINDASTE ARTICULADO COM CAPACIDADE MÁXIMA DE 3300KG E ALCANCE MÁXIMO HORIZONTAL DE 9 METROS OU EQUIVALENTE|H
50.10.82|CHP/CAMINHÃO GUINDAUTO COM CAPACIDADE MÁXIMA DE 3300KG E ALCANCE MÁXIMO HORIZONTAL DE 9 METROS, COM CARROCERIA, CARGA ÚTIL MÁXIMA 7200 KG, DISTÂNCIA ENTRE EIXOS 4,50 M, POTÊNCIA 190 CV OU EQUIVALENTE|H
50.10.83|CHI/CAMINHÃO GUINDAUTO COM CAPACIDADE MÁXIMA DE 3300KG E ALCANCE MÁXIMO HORIZONTAL DE 9 METROS, COM CARROCERIA, CARGA ÚTIL MÁXIMA 7200 KG, DISTÂNCIA ENTRE EIXOS 4,50 M, POTÊNCIA 190 CV OU EQUIVALENTE|H
50.11.10|CHP/PÁ CARREGADEIRA 180HP CAPACIDADE CAÇAMBA 3M3 OU EQUIVALENTE|H
50.11.11|CHI/PÁ CARREGADEIRA 180HP CAPACIDADE CAÇAMBA 3M3 OU EQUIVALENTE|H
50.11.28|CHP/PÁ CARREGADEIRA 140HP CAPACIDADE CAÇAMBA 1,7M3 OU EQUIVALENTE|H
50.11.29|CHI/PÁ CARREGADEIRA 140HP CAPACIDADE CAÇAMBA 1,7M3 OU EQUIVALENTE|H
50.11.30|CHP/MINI-CARREGADEIRA DE PNEUS 61HP COM VASSOURA DE 1500MM OU EQUIVALENTE|H
50.11.31|CHI/MINI-CARREGADEIRA DE PNEUS 61HP COM VASSOURA DE 1500MM OU EQUIVALENTE|H
50.13.22|CHP/ROLO COMPACTADOR VIBRATÓRIO TANDEM, AÇO LISO, POTÊNCIA 57 HP, PESO SEM/COM LASTRO 6,5/9,4 T, LARGURA DE TRABALHO 1,20 M OU EQUIVALENTE|H
50.13.23|CHI/ROLO COMPACTADOR VIBRATÓRIO TANDEM, AÇO LISO, POTÊNCIA 57 HP, PESO SEM/COM LASTRO 6,5/9,4 T, LARGURA DE TRABALHO 1,20 M OU EQUIVALENTE|H
50.13.40|CHP/ROLO COMPACTADOR VIBRATÓRIO DE UM CILINDRO LISO DE AÇO, POTÊNCIA 125 HP, PESO SEM/COM LASTRO 10,75/12,92 T, IMPACTO DINÂMICO 31,5/18,5 T, LARGURA TRABALHO 2,15 M OU EQUIVALENTE|H
50.13.41|CHI/ROLO COMPACTADOR VIBRATÓRIO DE UM CILINDRO LISO DE AÇO, POTÊNCIA 125 HP, PESO SEM/COM LASTRO 10,75/12,92 T, IMPACTO DINÂMICO 31,5/18,5 T, LARGURA TRABALHO 2,15 M OU EQUIVALENTE|H
50.13.42|CHP/ROLO VIBRATÓRIO PÉ DE CARNEIRO 100HP PESO OPERACIONAL 11000KG OU EQUIVALENTE|H
50.13.43|CHI/ROLO VIBRATÓRIO PÉ DE CARNEIRO 100HP PESO OPERACIONAL 11000KG OU EQUIVALENTE|H
50.13.44|CHP/ROLO VIBRATÓRIO LISO 80HP PESO OPERACIONAL 7000KG LARGURA 1,68M OU EQUIVALENTE|H
50.13.45|CHI/ROLO VIBRATÓRIO LISO 80HP PESO OPERACIONAL 7000KG LARGURA 1,68M OU EQUIVALENTE|H
50.13.46|CHP/ROLO VIBRATÓRIO PÉ DE CARNEIRO 80HP PESO OPERACIONAL 7000KG OU EQUIVALENTE|H
50.13.47|CHI/ROLO VIBRATÓRIO PÉ DE CARNEIRO 80HP PESO OPERACIONAL 7000KG OU EQUIVALENTE|H
50.13.50|CHP/ROLO VIBRATÓRIO DE TAMBOR DUPLO 24 HP, PESO OPERACIONAL 1700KG E TAMBOR 0,90M OU EQUIVALENTE|H
50.13.51|CHI/ROLO VIBRATÓRIO DE TAMBOR DUPLO 24 HP, PESO OPERACIONAL 1700KG E TAMBOR 0,90M OU EQUIVALENTE|H
50.13.54|CHP/ROLO DE PNEUS MASSA OPERACIONAL 10000KG LARGURA ROLAMENTO 1,80M E 99HP OU EQUIVALENTE|H
50.13.55|CHI/ROLO DE PNEUS MASSA OPERACIONAL 10000KG LARGURA ROLAMENTO 1,80M E 99HP OU EQUIVALENTE|H
50.13.74|CHP/COMPACTADOR VIBRATÓRIO DE PLACA 9,0 HP DIESEL OU EQUIVALENTE|H
50.13.75|CHI/COMPACTADOR VIBRATÓRIO DE PLACA 9,0 HP DIESEL OU EQUIVALENTE|H
50.13.78|CHP/COMPACTADOR VIBRATÓRIO DE PLACA 3,0 HP DIESEL OU EQUIVALENTE|H
50.13.79|CHI/COMPACTADOR VIBRATÓRIO DE PLACA 3,0 HP DIESEL OU EQUIVALENTE|H
50.14.10|CHP/COMPRESSOR PORTÁTIL, MOTOR DIESEL, 275 PCM, 7 BAR, 54,4KW, OU EQUIVALENTE|H
50.14.11|CHI/COMPRESSOR PORTÁTIL, MOTOR DIESEL, 275 PCM, 7 BAR, 54,4KW, OU EQUIVALENTE|H
50.16.52|CHP/CAMINHÃO DISTRIBUIDOR DE BETUME CARGA ÚTIL MÁXIMA 9800 KG, DISTÂNCIA ENTRE EIXOS 5,00 M, POTÊNCIA 200 CV|H
50.16.53|CHI/CAMINHÃO DISTRIBUIDOR DE BETUME CARGA ÚTIL MÁXIMA 9800 KG, DISTÂNCIA ENTRE EIXOS 5,00 M, POTÊNCIA 200 CV|H
50.19.62|CHP/ROMPEDOR PNEUMÁTICO MANUAL, PADRÃO, PESO DE 30 KG, OU EQUIVALENTE|H
50.19.63|CHI/ROMPEDOR PNEUMÁTICO MANUAL, PADRÃO, PESO DE 30 KG, OU EQUIVALENTE|H
50.19.67|CHP/MARTELO DEMOLIDOR ELETRICO, 2.000 W, 1.000 IMPACTOS POR MINUTO, FORÇA DE IMPACTO ENTRE 62 E 69 J, PESO DE 30 KG, OU EQUIVALENTE|H
50.19.68|CHI/MARTELO DEMOLIDOR ELETRICO, 2.000 W, 1.000 IMPACTOS POR MINUTO, FORÇA DE IMPACTO ENTRE 62 E 69 J, PESO DE 30 KG, OU EQUIVALENTE|H
50.20.06|CHP/RETROESCAVADEIRA TRAÇÃO 4X2, 85HP, CAÇAMBA 610MM / 0,22M3 OU EQUIVALENTE|H
50.20.07|CHI/RETROESCAVADEIRA TRAÇÃO 4X2, 85HP, CAÇAMBA 610MM / 0,22M3 OU EQUIVALENTE|H
50.20.09|CHP/RETROESCAVADEIRA SOBRE RODAS COM CARREGADEIRA, TRAÇÃO 4X4, POTÊNCIA 88 HP, CAÇAMBA CARREGADEIRA CAPACIDADE MÍNIMA 1 M3, CAÇAMBA RETRO CAPACIDADE 0,26 M3, PESO OPERACIONAL MÍNIMO 6.674 KG, PROFUNDIDADE ESCAVAÇÃO MÁXIMA. 4,37 M|H
50.20.10|CHI/RETROESCAVADEIRA SOBRE RODAS COM CARREGADEIRA, TRAÇÃO 4X4, POTÊNCIA 88 HP, CAÇAMBA CARREGADEIRA CAPACIDADE MÍNIMA 1 M3, CAÇAMBA RETRO CAPACIDADE 0,26 M3, PESO OPERACIONAL MÍNIMO 6.674 KG, PROFUNDIDADE ESCAVAÇÃO MÁXIMA. 4,37 M|H
50.20.11|CHP/MINIESCAVADEIRA SOBRE ESTEIRAS, POTÊNCIA LÍQUIDA DE *30* HP, PESO OPERACIONAL DE *3.500* KG|H
50.20.12|CHI/MINIESCAVADEIRA SOBRE ESTEIRAS, POTÊNCIA LÍQUIDA DE *30* HP, PESO OPERACIONAL DE *3.500* KG|H
50.20.18|CHP/ESCAVADEIRA HIDRÁULICA SOBRE ESTEIRAS, CAÇAMBA 0,98M3, PESO OPERACIONAL 17T, POTÊNCIA BRUTA 119HP, OU EQUIVALENTE|H
50.20.19|CHI/ESCAVADEIRA HIDRÁULICA SOBRE ESTEIRAS, CAÇAMBA 0,98M3, PESO OPERACIONAL 17T, POTÊNCIA BRUTA 119HP, OU EQUIVALENTE|H
50.20.20|CHP/ESCAVADEIRA HIDRÁULICA SOBRE ESTEIRAS, CAÇAMBA 1,3M3, PESO OPERACIONAL 22T, POTÊNCIA BRUTA 156HP, OU EQUIVALENTE|H
50.20.21|CHI/ESCAVADEIRA HIDRAULICA SOBRE ESTEIRAS, CACAMBA 1,3M3, PESO OPERACIONAL 22T, POTÊNCIA BRUTA 156HP, OU EQUIVALENTE|H
50.21.01|CHP/ROÇADEIRA COSTAL COM MOTOR A GASOLINA DE *32* CC|H
50.21.02|CHI/ROÇADEIRA COSTAL COM MOTOR A GASOLINA DE *32* CC|H
50.25.08|CHP/GRADE DE DISCOS MECÂNICA 20X24" COM 20 DISCOS 24" X 6MM COM PNEUS PARA TRANSPORTE|H
50.25.09|CHI/GRADE DE DISCOS MECÂNICA 20X24" COM 20 DISCOS 24" X 6MM COM PNEUS PARA TRANSPORTE|H
50.27.16|CHP/ GUINDASTE HIDRÁULICO AUTOPROPELIDO, COM LANÇA TELESCÓPICA 28,80 M, CAPACIDADE MÁXIMA 30 T, POTÊNCIA 97 KW, TRAÇÃO 4 X 4|H
50.27.17|CHI/ GUINDASTE HIDRÁULICO AUTOPROPELIDO, COM LANÇA TELESCÓPICA 28,80 M, CAPACIDADE MÁXIMA 30 T, POTÊNCIA 97 KW, TRAÇÃO 4 X 4|H
50.31.10|CHP/GRUPO DE SOLDAGEM COM GERADOR A DIESEL PARA SOLDA ELÉTRICA, SOBRE 02 RODAS, COM MOTOR 4 CILINDROS, 375A TN5 B/56 C/3 KVA, OU EQUIVALENTE|H
50.31.11|CHI/GRUPO DE SOLDAGEM COM GERADOR A DIESEL PARA SOLDA ELÉTRICA, SOBRE 02 RODAS, COM MOTOR 4 CILINDROS, 375A TN5 B/56 C/3 KVA, OU EQUIVALENTE|H
50.32.08|CHP/MOTONIVELADORA POTÊNCIA BASICA LÍQUIDA (PRIMEIRA MARCHA) 125HP/93KW , PESO BRUTO 16T, LARGURA DA LÂMINA DE 3,7 M, OU EQUIVALENTE|H
50.32.09|CHI/MOTONIVELADORA POTÊNCIA BASICA LÍQUIDA (PRIMEIRA MARCHA) 125HP/93KW , PESO BRUTO 16T, LARGURA DA LÂMINA DE 3,7 M, OU EQUIVALENTE|H
50.36.08|CHP/TRATOR DE ESTEIRAS, POTÊNCIA DE 347 HP, PESO OPERACIONAL DE 38,5 T, COM LÂMINA COM CAPACIDADE DE 8,70M3|H
50.36.09|CHI/TRATOR DE ESTEIRAS, POTÊNCIA DE 347 HP, PESO OPERACIONAL DE 38,5 T, COM LÂMINA COM CAPACIDADE DE 8,70M3|H
50.36.10|CHP/TRATOR DE ESTEIRAS, POTÊNCIA DE 177HP/132KW, PESO OPERACIONAL DE 16,5T, COM LÂMINA COM CAPACIDADE DE 3,18M3, OU EQUIVALENTE|H
50.36.11|CHI/TRATOR DE ESTEIRAS, POTÊNCIA DE 177HP/132KW, PESO OPERACIONAL DE 16,5T, COM LÂMINA COM CAPACIDADE DE 3,18M3, OU EQUIVALENTE|H
50.36.64|CHP/TRATOR DE PNEUS COM POTÊNCIA DE 85 CV, TRAÇÃO 4X4, COM VASSOURA MECÂNICA ACOPLADA|H
50.36.65|CHI/TRATOR DE PNEUS COM POTÊNCIA DE 85 CV, TRAÇÃO 4X4, COM VASSOURA MECÂNICA ACOPLADA|H
50.36.66|CHP/TRATOR DE PNEUS COM POTÊNCIA DE 105 CV, TRAÇÃO 4 X 4, PESO COM LASTRO DE 5500 KG, OU EQUIVALENTE|H
50.36.67|CHI/TRATOR DE PNEUS COM POTÊNCIA DE 105 CV, TRAÇÃO 4 X 4, PESO COM LASTRO DE 5500 KG, OU EQUIVALENTE|H
50.39.10|CHP/VIBRADOR DE IMERSÃO COM MANGOTE DE 45MM|H
50.39.11|CHI/VIBRADOR DE IMERSÃO COM MANGOTE DE 45MM|H
50.39.20|CHP/RÉGUA VIBRATÓRIA PARA CONCRETO COMPRIMENTO 4 METROS A GASOLINA|H
50.39.21|CHI/RÉGUA VIBRATÓRIA PARA CONCRETO COMPRIMENTO 4 METROS A GASOLINA|H
50.41.01|CHP/MOTOSSERRA PORTÁTIL COM MOTOR A GASOLINA DE 60 CILINDRADAS, OU EQUIVALENTE|H
50.41.02|CHI/MOTOSSERRA PORTÁTIL COM MOTOR A GASOLINA DE 60 CILINDRADAS, OU EQUIVALENTE|H
50.41.11|CHP/MÁQUINA CORTADORA DE PISO (SERRA CLIPPER), À GASOLINA, 13HP, ÚMIDO OU À SECO, OU EQUIVALENTE|H
50.41.12|CHI/MÁQUINA CORTADORA DE PISO (SERRA CLIPPER), À GASOLINA, 13HP, ÚMIDO OU À SECO, OU EQUIVALENTE|H
50.42.01|CHP/SERRA CIRCULAR DE BANCADA, MOTOR ELÉTRICO 1800W, COIFA PARA DISCO 10", OU EQUIVALENTE|H
50.42.02|CHI/SERRA CIRCULAR DE BANCADA, MOTOR ELÉTRICO 1800W, COIFA PARA DISCO 10", OU EQUIVALENTE|H
50.43.01|CHP - TERRÔMETRO 20 KO E RESISTIVIDADE DO SOLO|H
50.43.02|CHI - TERRÔMETRO 20 KO E RESISTIVIDADE DO SOLO|H
61.11.01|ENGENHEIRO CONSULTOR ESPECIAL|H
61.11.02|ENGENHEIRO CONSULTOR|H
61.11.03|ENGENHEIRO COORDENADOR|H
61.11.04|ENGENHEIRO SENIOR|H
61.11.05|ENGENHEIRO INTERMEDIARIO|H
61.11.06|ENGENHEIRO JUNIOR|H
61.11.07|ENGENHEIRO TRAINEE|H
61.11.08|ARQUITETO CONSULTOR ESPECIAL|H
61.11.09|ARQUITETO CONSULTOR|H
61.11.10|ARQUITETO COORDENADOR|H
61.11.11|ARQUITETO SÊNIOR|H
61.11.12|ARQUITETO INTERMEDIÁRIO|H
61.11.13|ARQUITETO JÚNIOR|H
61.11.14|ARQUITETO TRAINEE|H
61.11.15|BIÓLOGO ATÉ 5 ANOS DE EXPERIÊNCIA|H
61.11.16|BIÓLOGO ACIMA DE 5 ANOS DE EXPERIÊNCIA|H
61.11.17|ESTAGIÁRIO DE NÍVEL SUPERIOR - 04 HORAS|H
61.12.01|AUXILIAR DE ENGENHARIA PARA PROJETOS|H
61.12.02|AUXILIAR DE ARQUITETURA PARA PROJETOS|H
61.13.01|PROJETISTA SENIOR|H
61.13.02|PROJETISTA INTERMEDIARIO|H
61.13.03|PROJETISTA JUNIOR|H
61.13.04|PROJETISTA CADISTA|H
61.14.01|TECNICO SENIOR|H
61.14.02|TECNICO INTERMEDIARIO|H
61.14.03|TECNICO JUNIOR|H
61.15.01|DESENHISTA PROJETISTA|H
61.15.02|DESENHISTA TECNICO / CADISTA|H
61.15.03|DESENHISTA COPISTA|H
61.16.01|AUXILIAR ADMINISTRATIVO SENIOR|H
61.16.02|AUXILIAR ADMINISTRATIVO INTERMEDIARIO|H
61.16.03|AUXILIAR ADMINISTRATIVO JUNIOR|H
61.21.01|ENGENHEIRO CONSULTOR|H
61.21.02|ENGENHEIRO COORDENADOR|H
61.21.03|ENGENHEIRO SENIOR|H
61.21.04|ENGENHEIRO INTERMEDIARIO|H
61.21.05|ENGENHEIRO JUNIOR|H
61.21.06|ENGENHEIRO TRAINEE|H
61.21.07|ARQUITETO CONSULTOR|H
61.21.08|ARQUITETO COORDENADOR|H
61.21.09|ARQUITETO SÊNIOR|H
61.21.10|ARQUITETO INTERMEDIÁRIO|H
61.21.11|ARQUITETO JÚNIOR|H
61.21.12|ARQUITETO TRAINEE|H
61.22.01|AUXILIAR DE ENGENHARIA PARA OBRAS|H
61.22.02|AUXILIAR DE ARQUITETURA PARA OBRAS|H
61.23.01|TECNICO SENIOR|H
61.23.02|TECNICO INTERMEDIARIO|H
61.23.03|TECNICO JUNIOR|H
61.24.01|DESENHISTA PROJETISTA|H
61.24.02|DESENHISTA TECNICO / CADISTA|H
61.24.03|DESENHISTA COPISTA|H
61.31.01|TOPOGRAFO SENIOR|H
61.31.02|TOPOGRAFO INTERMEDIARIO|H
61.31.03|TOPOGRAFO JUNIOR|H
61.31.04|NIVELADOR|H
61.31.05|BALIZA|H
61.31.06|AJUDANTE DE TOPOGRAFIA|H
61.32.01|LABORATORISTA SENIOR|H
61.32.02|LABORATORISTA JUNIOR|H
61.32.03|AUXILIAR DE LABORATORIO|H
61.34.01|MOTORISTA|H
61.34.02|APONTADOR|H
61.34.03|SERVENTE|H
62.01.04|PROJETO ARQUITETONICO - EXECUTIVO EXCLUSIVE PAPEL VEGETAL|A1
62.01.10|PROJETO DE TERRAPLENAGEM (PLANTA) EXCLUSIVE PAPEL VEGETAL|A1
62.01.11|PROJETO DE TERRAPLENAGEM (SEÇOES) EXCLUSIVE PAPEL VEGETAL|A1
62.01.12|PROJETO DE DRENAGEM PLUVIAL EXCLUSIVE PAPEL VEGETAL|A1
62.01.13|PROJETO PAISAGISTICO PRAÇA, PARQUE E AREA DE LAZER EXCLUSIVE PAPEL VEGETAL|A1
62.01.14|PROJETO PAISAGISTICO AREAS LIVRES OBRAS EDIFICAÇAO EXCLUSIVE PAPEL VEGETAL|A1
62.01.15|PROJETO GEOMETRICO DE CONTENÇAO EXCLUSIVE PAPEL VEGETAL|A1
62.01.16|PROJETO DE ESTRUTURA DE CONCRETO EXCLUSIVE PAPEL VEGETAL|A1
62.01.17|PROJETO ESTRUTURAL DE CONTENÇAO / CANAL EXCLUSIVE PAPEL VEGETAL|A1
62.01.19|PROJETO ELETRICO EXCLUSIVE PAPEL VEGETAL|A1
62.01.20|PROJETO DE CABEAMENTO ESTRUTURADO EXCLUSIVE PAPEL VEGETAL|A1
62.01.21|PROJETO DE ESTRUTURA METALICA EXCLUSIVE PAPEL VEGETAL|A1
62.01.22|PROJETO HIDRAULICO / SANITARIO EXCLUSIVE PAPEL VEGETAL|A1
62.01.23|PROJETO DE PREVENÇAO E COMBATE A INCENDIO EXCLUSIVE PAPEL VEGETAL|A1
62.01.24|PROJETO DE COMUNICAÇAO VISUAL EXCLUSIVE PAPEL VEGETAL|A1
62.01.25|PROJETO DE PROTEÇAO CONTRA DESCARGAS ATMOSFERICAS EXCLUSIVE PAPEL VEGETAL|A1
62.01.26|PROJETO DE IRRIGAÇAO EXCLUSIVE PAPEL VEGETAL|A1
62.01.28|PROJETO DE AR CONDICIONADO EXCLUSIVE PAPEL VEGETAL|A1
62.01.29|DESENVOLVIMENTO E DETALH. PROJ. ARQUIT. E ESTRURAL EXCLUSIVE PAPEL VEGETAL|A1
62.01.30|DESENVOLVIMENTO E DETALH.DE PROJETO COMPLEMENTARES EXCLUSIVE PAPEL VEGETAL|A1
62.01.31|DESENHO E COPIA - ARQUITETURA/ESTRUTURAL/METALICA EXCLUSIVE PAPEL VEGETAL|A1
62.01.32|DESENHO E COPIA - PROJETOS COMPLEMENTARES EXCLUSIVE PAPEL VEGETAL|A1
62.01.33|PROJETO ELETRICO/TV A CABO/ANTENA EXTERNA EXCLUSIVE PAPEL VEGETAL|A1
62.01.34|PROJETO DE SONORIZACAO/ALARME/CFTV EXCLUSIVE PAPEL VEGETAL|A1
62.01.35|PROJETO DE AR CONDICIONADO MECANICO/ELETRICO EXCLUSIVE PAPEL VEGETAL|A1
62.01.38|PROJETO LUMINOTECNICO EXCLUSIVE PAPEL VEGETAL|A1
62.01.40|COMPATIBILIZACAO DE PROJETOS DE EDIFICACAO|A1
62.01.42|PERSPECTIVA COLORIDA 50X70 CM EXCLUSIVE PAPEL VEGETAL|UN
62.01.43|VISTA COLORIDA 50X70 CM EXCLUSIVE PAPEL VEGETAL|A1
62.01.44|PLANTA HUMANIZADA COLORIDA 50X70 CM EXCLUSIVE PAPEL VEGETAL|A1
62.01.45|PROJETO DE IMPERMEABILIZACAO EXCLUSIVE PAPEL VEGETAL|A1
62.01.46|PROJETO DE ENGRADAMENTO METALICO EXCLUSIVE PAPEL VEGETAL|A1
62.01.47|LEVANTAMENTO CADASTRAL DE EDIFICAÇÃO EXCLUSIVE PAPEL VEGETAL|A1
62.02.01|DE EDIFICACAO - AREA <= 600M2 EXCLUSIVE PAPEL VEGETAL|UN
62.02.02|DE EDIFICACAO - 600 M2 < AREA <= 1.500 M2 EXCLUSIVE PAPEL VEGETAL|UN
62.02.03|DE EDIFICACAO - AREA > 1500 M2 EXCLUSIVE PAPEL VEGETAL|UN
62.02.04|DE IMPLANT. DE EDIFICACAO PADRAO COM AREA <= 600M2 EXCLUSIVE PAPEL VEGETAL|UN
62.02.05|DE IMPLAN. EDIFIC. PADRAO C/ AREA 600<AREA<=1500M2 EXCLUSIVE PAPEL VEGETAL|UN
62.02.06|DE IMPLANTACAO EDIFICACAO PADRAO C/ AREA > 1500M2 EXCLUSIVE PAPEL VEGETAL|UN
62.02.07|DE IMPLAN. PRACA,PARQUE,AREA LAZER AREA<=10.000M2 EXCLUSIVE PAPEL VEGETAL|UN
62.02.08|DE IMPLAN. PRACA,PARQUE,AREA LAZER AREA > 10.000M2 EXCLUSIVE PAPEL VEGETAL|UN
62.02.09|ESTUDO PRELIMINAR DE URBANISMO|KM
62.03.01|PROJETO GEOMETRICO EXCLUSIVE PAPEL VEGETAL|KM
62.03.02|PROJETO DE TERRAPLENAGEM|KM
62.03.03|PROJETO DE CANALIZAÇAO EXCLUSIVE PAPEL VEGETAL|KM
62.03.04|PROJETO DE DRENAGEM EXCLUSIVE PAPEL VEGETAL|KM
62.03.06|PROJETO GEOMETRICO DE CONTENÇAO EXCLUSIVE PAPEL VEGETAL|A1
62.03.07|PROJETO ESTRUTURAL DE CONTENCAO / CANAL EXCLUSIVE PAPEL VEGETAL|A1
62.03.08|PROJETO DE PAVIMENTAÇAO - VIA LOCAL EXCLUSIVE PAPEL VEGETAL|KM
62.03.09|PROJETO DE PAVIMENTAÇAO - VIA COLETORA E PRIMARIA EXCLUSIVE PAPEL VEGETAL|KM
62.03.11|PROJETO DE SINALIZAÇAO / DESVIO EXCLUSIVE PAPEL VEGETAL|KM
62.03.12|PROJETO PAISAGISTICO EXCLUSIVE PAPEL VEGETAL|KM
62.03.13|PROJETO DE IRRIGAÇAO EXCLUSIVE PAPEL VEGETAL|A1
62.03.14|PROJETO OBRAS ARTES ESPECIAIS-PONTES,VIADUTOS,ETC EXCLUSIVE PAPEL VEGETAL|A1
62.03.15|PROJETO DE ESTRUTURA METALICA EXCLUSIVE PAPEL VEGETAL|A1
62.03.16|PROJETO ELETRICO / TELEFONIA / LOGICA EXCLUSIVE PAPEL VEGETAL|A1
62.03.17|PROJETO DE INTERSEÇAO - SIMPLIFICADO EXCLUSIVE PAPEL VEGETAL|A1
62.03.18|PROJETO DE INTERSEÇAO - ESPECIAL EXCLUSIVE PAPEL VEGETAL|A1
62.03.19|COMPATIBILIZACAO DE PROJETOS DE INFRA ESTRUTURA|A1
62.03.20|ESTUDO HIDRAULICO DE CANAL EXISTENTE|KM
62.04.01|LAUDO GEOTECNICO PARA FINS DE LICENCIAMENTO|UN
62.04.02|PARECER GEOTÉCNICO - NÍVEL 1|UN
62.04.03|PARECER GEOTÉCNICO - NÍVEL 2|UN
62.04.04|PARECER GEOTÉCNICO - NÍVEL 3|UN
62.05.14|EQUIPE TOPOGRÁFICA P/ APOIO A PROJETOS|DIA
62.05.15|EQUIPE TOPOGRÁFICA P/ APOIO A OBRAS|DIA
62.05.20|TRANSPORTE DE COORDENADAS E ALTITUDE - ESTAÇÃO TOTAL|KM
62.05.21|TRANSPORTE DE COORDENADAS E ALTITUDE - RECEPTOR GNSS|DIA
62.05.30|LEVANTAMENTO PLANIMÉTRICO CADASTRAL <= 10.000 M2- INCLUSIVE DESENHO|M2
62.05.31|LEVANTAMENTO PLANIMÉTRICO CADASTRAL > 10.000 M2- INCLUSIVE DESENHO|M2
62.05.32|LEVANTAMENTO PLANIMÉTRICO - INCLUSIVE DESENHO|M2
62.05.33|LEVANTAMENTO PLANIALTIMÉTRICO PARA ESTUDO E CADASTRO DE REDES SUBTERRÂNEAS - INCLUSIVE DESENHO EXCLUSIVE PAPEL VEGETAL|KM
62.05.36|DESENHO DE SEÇÕES TRANSVERSAIS E PERFIS|A1
62.05.37|DESENHO DE LEVANTAMENTO TOPOGRÁFICO|A1
62.05.38|RECONSTRUÇÃO DIGITAL DE CP PARA LANÇAMENTO E AMARRAÇÃO AO LEVANTAMENTO|A1
62.05.39|PLANTA DE ISODECLIVIDADE|A1
62.05.46|MEMORIAL DESCRITIVO DO LIMITE DO IMÓVEL DE 01 A 50 VÉRTICES|UN
62.05.47|MEMORIAL DESCRITIVO DO LIMITE DO IMÓVEL DE 51 A 100 VÉRTICES|UN
62.05.48|MEMORIAL DESCRITIVO DO LIMITE DO IMÓVEL DE 101 A 200 VÉRTICES|UN
62.06.01|MEDIÇÃO DE RESISTIVIDADE DO SOLO (NBR 7117-1:2020 E NBR 5419-3:2015) ÁREA DO TERRENO S <= 1000 M2|UN
62.06.02|MEDIÇÃO DE RESISTIVIDADE DO SOLO (NBR 7117-1:2020 E NBR 5419-3:2015) ÁREA DO TERRENO 1000 M2 < S <= 2500 M2|UN
62.06.03|MEDIÇÃO DE RESISTIVIDADE DO SOLO (NBR 7117-1:2020 E NBR 5419-3:2015) ÁREA DO TERRENO 2500 M2 < S <= 10000 M2|UN
62.06.04|MEDIÇÃO DE RESISTIVIDADE DO SOLO (NBR 7117-1:2020 E NBR 5419-3:2015) ÁREA DO TERRENO 10000 M2 < S = 20000 M2|UN
62.06.05|ANÁLISE DE GERENCIAMENTO DE RISCOS (SPDA) - (ABNT NBR 5419-2:2015)|UN
62.11.06|CADASTRO TÉCNICO PARA REMOÇÃO|UN
62.11.07|CADASTRO TÉCNICO PARA DESAPROPRIAÇÃO - LOTE|UN
62.11.08|CADASTRO TÉCNICO PARA DESAPROPRIAÇÃO - 1 A 10 BENFEITORIAS|UN
62.11.09|CADASTRO TÉCNICO PARA DESAPROPRIAÇÃO - 11 A 50 BENFEITORIAS|UN
62.11.10|CADASTRO TÉCNICO PARA DESAPROPRIAÇÃO - 51 A 100 BENFEITORIAS|UN
62.11.11|CADASTRO TÉCNICO PARA DESAPROPRIAÇÃO - 101 A 200 BENFEITORIAS|UN
62.11.12|CADASTRO TÉCNICO PARA DESAPROPRIAÇÃO - ACIMA DE 200 BENFEITORIAS|UN
62.11.13|REVISÃO DE CADASTRO TÉCNICO PARA DESAPROPRIAÇÃO - SEM CAMPO|UN
62.11.14|REVISÃO DE CADASTRO TÉCNICO PARA DESAPROPRIAÇÃO - COM CAMPO|UN
62.11.15|BUSCA DE CERTIDÃO DE REGISTRO|UN
62.11.16|BUSCA DE CERTIDÃO NEGATIVA REGISTRO|UN
62.11.17|DESPESAS COM CARTÓRIO - CERTIDÃO EM RELATÓRIO|UN
62.11.18|DESPESAS COM CARTÓRIO - CERTIDÃO|UN
62.11.19|BUSCA CARTORIAL|UN
62.20.03|IMAGEM FOTOREALISTICA EXCLUSIVE PAPEL VEGETAL|UN
62.20.09|PROJETO DE EXAUSTAO MECANICA EXCLUSIVE PAPEL VEGETAL|UN
62.20.10|PROJETO DE GASES MEDICINAIS EXCLUSIVE PAPEL VEGETAL|UN
62.20.11|PROJETO DE GLP EXCLUSIVE PAPEL VEGETAL|UN
62.20.20|CARACTERIZAÇÃO DE EDIFICAÇÕES E ÁREAS COBERTAS EXCLUSIVE PAPEL VEGETAL|M2
62.24.01|MEMORIAL DESCRITIVO - CARACTERIZAÇÃO DAS APPS, RECURSOS HÍDRICOS, PERFIS TOPOGRÁFICOS.|UN
62.24.02|CONFECÇÃO DE ARQUIVO NO FORMATO ".KMZ" PARA AUTORIZAÇÃO SMMA|UN
62.24.03|IDENTIFICAÇÃO DE ESPÉCIMES ARBÓREOS - DE 01 ATÉ 20 EXEMPLARES|UN
62.24.04|IDENTIFICAÇÃO DE ESPÉCIMES ARBÓREOS - A PARTIR DE 21 EXEMPLARES (PREÇO POR ESPÉCIME IDENTIFICADO - A PARTIR DO 21º EXEMPLAR)|UN
62.24.05|ELABORAÇÃO DE DOCUMENTAÇÃO TÉCNICA, INCLUSIVE PROJETO ARQUITETÔNICO OU PROJETO BÁSICO DE RESTAURAÇÃO, PARA LICENCIAMENTO JUNTO AOS ÓRGÃOS DE PATRIMÔNIO|UN
62.24.06|ELABORAÇÃO DE DOCUMENTAÇÃO TÉCNICA PARA LICENCIAMENTO JUNTO À SUREG (APROVAÇÃO DE EDIFICAÇÃO E/OU ALVARÁ DE OBRAS EM LOGRADOURO PÚBLICO) E JUNTO AO CINDACTA, INCLUSIVE PROJETOS, MEMORIAIS DESCRITIVOS E DE CÁLCULO|UN
62.25.01|PROJETO ARQUITETÔNICO - EMISSÃO DIGITAL|A1
64.01.03|FORMATO A2|UN
64.01.04|FORMATO A1|UN
64.01.05|FORMATO A0|UN
64.07.01|FORMATO A4|UN
64.07.02|FORMATO A3|UN
64.09.01|FORMATO A4|UN
64.09.02|FORMATO A3|UN
64.11.01|EM CAPA A4 DE ACETATO, PVC/CROMICOTE, C/ ESPIRAL|UN
64.12.02|FORMATO A3|UN
64.12.03|FORMATO A2|UN
64.12.04|FORMATO A1|UN
64.12.05|FORMATO A0|UN
64.12.07|FORMATO A1 EXTENDIDO|UN
64.12.08|FORMATO A0 EXTENDIDO|UN
64.15.01|FORMATO A4|UN
64.15.02|FORMATO A3|UN
64.15.03|FORMATO A2|UN
64.15.04|FORMATO A1|UN
64.15.05|FORMATO A0|UN
64.15.07|FORMATO A1 EXTENDIDO|UN
64.15.08|FORMATO A0 EXTENDIDO|UN
64.18.01|DIGITALIZAÇÃO DE FORMATOS A0 (PDF OU EQUIVALENTE)|UN
64.18.02|DIGITALIZAÇÃO DE FORMATOS A1 (PDF OU EQUIVALENTE)|UN
64.18.03|DIGITALIZAÇÃO DE FORMATOS A2 (PDF OU EQUIVALENTE)|UN
64.18.04|DIGITALIZAÇÃO DE FORMATOS A3 (PDF OU EQUIVALENTE)|UN
64.18.05|DIGITALIZAÇÃO DE FORMATOS A4 (PDF OU EQUIVALENTE)|UN
65.01.01|MOBILIZAÇÃO, INST. E DESMOBILIZAÇÃO P/EXECUÇÃO DE SONDAGEM À PERCUSSÃO (NBR 6484:2020)|UN
65.01.02|PERFURAÇÃO DE SOLO SONDAGEM À PERCUSSÃO (NBR 6484:2020)|M
65.01.03|DESMONTAGEM, TRANSPORTE E MONTAGEM DE EQUIPAMENTOS DE SONDAGEM A PERCUSSÃO POR FURO|UN
65.02.01|MOBILIZAÇÃO DE EQUIPAMENTOS DE SONDAGEM A TRADO (NBR 9603:2015) DN 20CM|UN
65.02.02|PERFURAÇÃO DE SOLO SONDAGEM A TRADO (NBR 9603:2015) DN 20CM|M
65.03.01|POÇO DE INSPEÇÃO EM SOLO, SEÇÃO TRANSVERSAL MÍN. 100CM OU CIRCULAR 120CM (NBR 9604:2016)|M3
65.03.02|SONDAGEM DE SOLO COM UTILIZAÇÃO DE PA E PICARETA|M
65.06.01|MOBILIZACAO E DESMOBILIZACAO - SONDAGEM ROTATIVA NW|UN
65.06.02|INSTALACAO DE SONDAGEM ROTATIVA NW POR FURO|UN
65.06.03|PERFURACAO EM SOLO COM SONDAGEM ROTATIVA NW|M
65.06.04|PERFURACAO COM COROA DE WIDIA SONDAGEM ROTATIVA NW|M
65.06.05|PERFURACAO COM COROA DIAMANTADA SONDAGEM ROTATIVA NW|M
65.08.21|RETIRADA DE AMOSTRA INDEFORMADA EM BLOCOS 30X30X30CM (NBR 9604:2016), PROF = 2 A 3 M|UN
65.08.22|RETIRADA DE AMOSTRA INDEFORMADA EM BLOCOS 30X30X30CM (NBR 9604:2016), PROF = 1 A 2 M|UN
65.08.23|RETIRADA DE AMOSTRA INDEFORMADA EM BLOCOS 30X30X30CM (NBR 9604:2016), PROF ATÉ 1 M|UN
67.01.01|DETERMINAÇÃO DO TEOR DE UMIDADE DE SOLOS EM LABORATORIO (NBR 6457:2016 ANEXO A)|UN
67.01.03|MASSA ESPECÍFICA, MASSA ESPECÍFICA APARENTE E ABSORÇÃO DE ÁGUA (NBR 6458:2016)|UN
67.01.04|ANÁLISE GRANULOMETRICA DE SOLOS POR PENEIRAMENTO (NBR 7181:2016)|UN
67.01.05|ANÁLISE GRANULOMETRICA DE SOLOS POR PENEIRAMENTO E SEDIMENTAÇÃO (NBR 7181:2016)|UN
67.01.06|DETERMINAÇÃO DO LIMITE DE LIQUIDEZ DE SOLOS (NBR 6459:2017)|UN
67.01.07|DETERMINAÇÃO DO LIMITE DE PLASTICIDADE DE SOLOS (NBR 7180:2016)|UN
67.01.08|DETERMINAÇÃO DOS FATORES DE CONTRAÇÃO DE SOLOS (DNER-ME 087/94)|UN
67.01.09|COMPACTAÇÃO DO SOLO ENERGIA PROCTOR NORMAL (NBR 7182:2020) COM 05 CORPOS DE PROVA|UN
67.01.10|COMPACTAÇÃO DO SOLO ENERGIA PROCTOR INTERMEDIÁRIO (NBR 7182:2020) COM 05 CORPOS DE PROVA|UN
67.01.11|COMPACTAÇÃO DO SOLO ENERGIA PROCTOR MODIFICADO (NBR 7182:2020) COM 05 CORPOS DE PROVA|UN
67.01.12|ÍNDICE DE SUPORTE CALIFÓRNIA DE SOLOS (ISC/CBR) C/1 CP (DNIT 172/016-ME / NBR 9895:2017)|UN
67.01.13|ÍNDICE DE SUPORTE CALIFÓRNIA DE SOLOS (ISC/CBR) C/3 CP (DNIT 172/016-ME / NBR 9895:2017)|UN
67.01.14|ÍNDICE DE SUPORTE CALIFÓRNIA DE SOLOS (ISC/CBR) C/5 CP (DNIT 172/016-ME / NBR 9895:2017)|UN
67.01.15|DETERMINAÇÃO DO EQUIVALENTE DE AREIA EM SOLO (DNER-ME 054/97 / NBR 12052:92)|UN
67.01.17|DETERMINAÇÃO COLORIMÉTRICA DE IMPUREZAS ORGÂNICAS EM SOLOS (NBR NM 49:2001)|UN
67.01.18|ENSAIO DE ADENSAMENTO DE SOLOS (DNER-IE 005/94 - NBR 16853:2020)|UN
67.01.20|COEFICIENTE DE PERMEABILIDADE DE SOLOS ARGILOSOS À CARGA VARIÁVEL (NBR 14545:2021)|UN
67.01.21|COEFICIENTE DE PERMEABILIDADE DE SOLOS GRANULARES À CARGA CONSTANTE (NBR 13292:2021)|UN
67.01.22|RESISTÊNCIA À COMPRESSÃO NÃO CONFINADA - SOLOS COESIVOS (NBR 12770:1992)|UN
67.01.23|COMPRESSAO TRIAXIAL RAPIDO NÃO ADENSADO E NÃO DRENADO (Q/UU) MÍNIMO 3 CORPOS DE PROVA|UN
67.01.24|COMPRESSAO TRIAXIAL RAPIDO NÃO ADENSADO E NÃO DRENADO (Q/UU) C/MEDIDAS DE PRESSAO NEUTRA MÍNIMO 3 CORPOS DE PROVA|UN
67.01.25|COMPRESSAO TRIAXIAL RAPIDO PRE-ADENSADO E NÃO DRENADO (R/CIU) MÍNIMO 3 CORPOS DE PROVA|UN
67.01.26|COMPRESSAO TRIAXIAL RAPIDO PRE-ADENSADO (R/CIU) C/MEDIDAS DE PRESSÃO NEUTRA MÍNIMO 3 CORPOS DE PROVA|UN
67.01.27|COMPRESSAO TRIAXIAL RAPIDO PRE-ADENSADO SATURADO (R-SAT/CIU-SAT) MÍNIMO 3 CORPOS DE PROVA|UN
67.01.28|COMPRESSAO TRIAXIAL RAPIDO PRE-ADENSADO SATURADO (R-SAT/CIU-SAT) C/MEDIDAS PRESSÃO NEUTRA MÍNIMO 3 CORPOS DE PROVA|UN
67.01.30|COMPRESSAO TRIAXIAL LENTO SATURADO (CD) MÍNIMO 3 CORPOS DE PROVA|UN
67.01.31|ENSAIO DE CISALHAMENTO DIRETO RAPIDO EM SOLOS (NBR ISO 12957-1:2013) MÍNIMO 3 CORPOS DE PROVA|UN
67.01.32|ENSAIO DE SOLO - CISALHAMENTO DIRETO RAPIDO SATURADO MÍNIMO 3 CORPOS DE PROVA|UN
67.01.33|ENSAIO DE SOLO - CISALHAMENTO DIRETO RAPIDO PRE-ADENSADO MÍNIMO 3 CORPOS DE PROVA|UN
67.01.34|ENSAIOD E SOLO - CISALHAMENTO DIRETO RAPIDO SATURADO PRE-ADENSADO MÍNIMO 3 CORPOS DE PROVA|UN
67.01.35|ENSAIO DE SOLO - CISALHAMENTO DIRETO LENTO MÍNIMO 3 CORPOS DE PROVA|UN
67.01.36|ENSAIO DE SOLO - CISALHAMENTO DIRETO LENTO SATURADO MÍNIMO 3 CORPOS DE PROVA|UN
67.02.01|DETERMINAÇÃO DA COMPOSIÇÃO GRANULOMÉTRICA - AGREGADOS (NBR NM 248:2003)|UN
67.02.02|DETERMINAÇÃO DO TEOR DE ARGILA EM TORRÕES - AGREGADOS (NBR 7218:2010)|UN
67.02.03|DETERMINAÇÃO DO MATERIAL FINO QUE PASSA PELA PENEIRA 75 µm POR LAVAGEM (NBR 16973:2021)|UN
67.02.04|DETERMINAÇÃO COLORIMÉTRICA DE IMPUREZAS ORGÂNICAS EM AGREGADO MIÚDO (NBR NM 49:2001)|UN
67.02.05|DETERMINAÇÃO DA MASSA UNITÁRIA E DO VOLUME DE VAZIOS - AGREGADOS (NBR 16972:2021)|UN
67.02.06|DETERMINAÇÃO MASSA ESPECÍFICA AGREGADOS MIUDOS FRASCO CHAPMAN (NBR 9775:2011)|UN
CÓDIGO|CÓDIGO / DESCRIÇÃO|UND
